cid,bookid,catid,title,typeid,thumb,description,gx_type,update_chapter_name,author,status_bz,updatetime,view_type,average_score,rank_id,hit_num,views,vip_tag_name,vip_tag_type
1,1378,31,Lily,0,http://cdn.517w.com/uploadfile/2017/1214/20171214033751797.jpg,我喜欢的那个人，刚好是她……lily粉丝群号：571810715,8,S·251,噼咔噼,1,1550106013,0,4.935,1,1544415102,3961565,,
1,8,32,迷域行者,0,http://cdn.517w.com/uploadfile/2017/1016/thumb_20171016110954261.jpg,从梦中醒来的宁远，发现自己被关入死牢，除了不断靠近的钉板墙和同囚的女性，他一无所知。好不容易逃离死牢的他发现自己被送到了迷域之中的杀戮游戏中，要如何才能逃离迷域，逃离这个死亡游戏？官方粉丝群号：159756318,7,第959话 最终话,七月初七&廿一,1,1539912615,0,4.9259,2,757695516,2218390,,
1,19,31,星梦偶像计划,0,http://cdn.517w.com/uploadfile/2017/0901/20170901105018521.jpg,"前天后的女儿为帮母亲恢复名誉，变装参加选秀，却必须与童年挚友成为竞争对手！
星梦官方群630421592，欢迎大家加入~",1,第254话,烟头hstone×白熊,1,1544069903,0,4.9058,3,1026462491,981614,,
1,13,32,无敌勇者王,0,http://cdn.517w.com/uploadfile/2017/0901/20170901105647988.jpg,少年，我看你骨骼精奇天赋异禀，是万中无一的马猴烧年，成为传说中的勇者王吧！维护世界和平的重任就靠你了！ヽ(??ω?? )ゝ无敌勇者王粉丝群四群：85779511,3,第348话 最终话,孙渣,1,1523859886,0,4.8815,4,1149177994,738133,,
1,2991,31,魔王切治疗,0,http://cdn.517w.com/uploadfile/2019/0524/20190524043438915.jpg,本篇讲述的是一个作为杂鱼门派的无天门，一群不靠谱的弟子在不靠谱的师父的带领下如何将门派发扬光大的故事！,2,第139话,蛮麟,1,1524819674,0,4.9027,5,548395775,682523,,
1,2328,31,Lala,0,http://cdn.517w.com/uploadfile/2019/0524/20190524044640511.jpg,Lily姐妹篇~平行时间中 另一个甜蜜故事~,4,万圣节2,噼咔噼,1,1540602009,1,4.9218,6,253493140,405933,,
1,2589,31,微酸秘密,0,http://cdn.517w.com/uploadfile/2017/0831/thumb_20170831180408450.jpg,"你曾经对爱情迷惘过吗？到底什么才是真正的喜欢……
左奕然正站在爱情的三岔路口烦恼着，前方的两条道路上，一边是向她深情告白、表示追求之意的竹马程北太，另一边却是她无法放下、难以理清情绪的青梅于小悠。
这场兜兜转转，属于三个人的爱情追逐，到底哪一边才是她最后的归宿？",4,第279话 见家长,游游动漫,1,1533299212,1,4.7954,7,253234195,394284,,
1,1144,32,星辰变,0,http://cdn.517w.com/uploadfile/2017/0830/thumb_20170830160957202.jpg,"我吃西红柿《星辰变》原著小说改编！
一名孩童，天生无法修炼内功。为了得到父亲的重视，毅然选择修炼痛苦艰难的外功。然而，真正改变他的命运，是一颗流星化作的神秘晶石——",0,第453话,我吃西红柿/札雅工作室,1,1522821261,0,4.787,8,319168861,348269,,
1,1149,31,杂思录,0,http://cdn.517w.com/uploadfile/2017/0901/20170901095357547.jpg,一个架空的帝国，关于背叛和阴谋的黑暗宫廷故事。上一秒笑，下一秒沦落，直白到露骨，直击人心。杂思录官方一群：239114104,0,请假条,TUTU/左纹,1,1524560064,0,4.9393,9,223521339,340677,,
1,2634,31,为什么后宫男主的我跑到了百合漫画,0,http://cdn.517w.com/uploadfile/2018/0418/20180418054342684.jpg,讲述一个全身都是后宫男主要素的少年明明是要攻略妹子，但结果却让妹子们都在一起了的故事。,1,第九十二集,吉太,1,1533081618,0,4.9121,10,188260627,318547,,
1,558,32,校花的贴身高手,0,http://cdn.517w.com/uploadfile/2018/0604/20180604115250614.jpg,"改编自鱼人二代同名小说《校花的贴身高手》。
一个大山里走出来的绝世高手，林逸表面上是一名普通学生，不过，他还是一名修炼者！并且身负另外一个重任，那就是追校花！",0,第426话,笑水轩/鱼人二代,1,1532594160,0,4.7362,13,1101110237,284403,,
1,1043,33,恋爱的无休止境,0,http://cdn.517w.com/uploadfile/2018/0221/thumb_20180221220302587.jpg,一个谈恋爱的小清新故事，周日更新√具体时间点要看过审情况,1,第八章11,Suuygo,1,1530364683,0,4.8849,14,175967139,236912,,
1,1966,32,超西游,0,http://cdn.517w.com/uploadfile/2017/0831/20170831054802869.jpg,"不一样的西游，不一样的大圣，开启浩大的西游新篇章
超西游读者群号：347222848",0,456第六十一（6）,纳川,1,1545294848,0,4.7821,15,1047222539,233464,,
1,3809,31,恶女千金,0,http://cdn.517w.com/uploadfile/2018/0604/20180604100530164.jpg,不良少女的豪门生活，每周二，四，六更新,3,144,轮椅酱,1,1533376808,0,4.7475,17,157426431,212954,,
1,662,32,全职高手,0,http://cdn.517w.com/uploadfile/2017/0901/20170901021541926.jpg,"《全职高手》官方漫画！大角虫漫画独家连载！蝴蝶蓝巅峰原著，欢迎来到荣耀！

网游《荣耀》中被誉为教科书级别的顶尖高手，因为种种原因遭到俱乐部的驱逐，离开职业圈的他寄身于一家网吧成了一个小小的网管，但是，拥有十年游戏经验的他，在荣耀新开的第十区重新投入了游戏，带着对往昔的回忆，和一把未完成的自制武器，开始了重返巅峰之路——",1,第197话,常盘勇者/蝴蝶蓝,1,1534841826,0,4.938,18,609502633,192449,,
1,472,32,茅山后裔,0,http://cdn.517w.com/uploadfile/2017/0830/20170830124526296.jpg,同盗墓、鬼吹灯并称“护宝”三杰。科普中国传统秘术——茅山道术上交国家史诗历程，全程高能！！,3,第409话,大力金刚掌/北京神奇未来,1,1527653198,0,4.8651,19,210909335,190593,,
1,966,32,外星人饲养手册,0,http://cdn.517w.com/uploadfile/2018/0614/20180614050912522.jpg,"地球少年……踏上宇宙霸主之路……
2015年夏，惨遭女友戴绿帽的大学生胡依星，跳楼离开了这个世界。随后，他竟然穿越到2115年一个叫耶尔的地球人身上！在未来世界，没有高科技也没有高楼大厦！有的只是一个个外星文明建立起的殖民区，以及被圈养的人类！有一天，耶尔发现了一个降落在地球上的飞行器，从此踏上了带领地球人反抗殖民，成为宇宙霸主之路！",3,501,彩色蜡笔,1,1528515484,0,4.7543,20,652215140,185299,,
1,1982,32,天机令,0,http://cdn.517w.com/uploadfile/2018/0206/thumb_20180206165112946.jpg,十三岁的少女柳无意从小与师父浪迹街头，打遍同龄人无敌手，被称为临溪一霸，一天，他们在破庙中发现一个死人，从这人身上发现一块奇怪的令牌，从此，平静的生活开始彻底被打破,2,第十八幕 阵（五）,青羽漫画,1,1534402038,0,4.8647,21,127722308,183141,,
1,3181,31,恋上男友的替身,0,http://cdn.517w.com/uploadfile/2017/1101/thumb_20171101214900647.jpg,替身？爱她？,2,请假条,蓝晶科技漫画,1,1536313707,0,4.7629,22,162069499,173098,,
1,4714,31,狂女重生：纨绔七皇妃,0,http://cdn.517w.com/uploadfile/2018/0816/thumb_20180816101649723.jpg,前世她受人欺害，最终丧子身死。如今重生归来，看她如何手撕渣男恶女，还叫腹黑王爷芳心暗许。,2,第181话 赤裸裸的威胁,崇卓漫画,1,1580317208,1,4.6552,23,7563990,169096,,
1,1154,32,炼狱重生,0,http://cdn.517w.com/uploadfile/2017/0901/20170901094828614.jpg,主角毫无征兆的被挚爱杀掉，心有不甘，千辛万苦追求真相！,1,223,鱼乐漫画工作室,1,1527645436,0,4.8351,24,527060963,158456,,
1,2373,31,兵王耀星路,0,http://cdn.517w.com/uploadfile/2018/0309/thumb_20180309180943850.jpg,"林霄，拥有“最强兵王”称号的男人。一次意外，发现妹妹竟然是某主播平台小有名气的主播，梦想成为大明星。
为了给妹妹创造一条完美的明星之路，兵王带妹妹横闯娱乐圈！",3,第236话  故事,东风十里,1,1525146060,0,4.7952,25,300052576,141428,,
1,2213,31,星星不是发光体①,0,http://cdn.517w.com/uploadfile/2017/0830/thumb_20170830113841899.jpg,陪伴十年的他，魅惑妖孽的他，霸道总裁的他，都为特立独行的她着迷。忽略性别的兄弟之情，不被接受的禁断之情，备受煎熬的狼羊之情，她的心会选择谁？星星不是发光体，真相是你想不到的下一秒。,1,第181话,夏日紫/笑水轩动漫,1,1525766699,0,4.8028,26,103557540,137848,,
1,90,32,困病之笼,0,http://cdn.517w.com/uploadfile/2017/0901/20170901104242811.jpg,为了接近自己暗恋的女生，韦良男扮女装参与了女生们的春游，结果却被恐怖分子绑架，还被注射病毒……要如何才能在穷凶极恶的恐怖组织手中求活，救出自己暗恋的女生？,3,第650话,大叔酱,1,1535025707,0,4.8233,27,1912400937,120271,,
1,2530,31,霸道总裁爱上我,0,http://cdn.517w.com/uploadfile/2017/0830/thumb_20170830113542453.jpg,倔强独立的财阀独生女和门风森严的望族长孙定了娃娃亲！她，心有所属；他，矢志复仇；看霸道总裁如何运筹帷幄。家族继承权我要定了！你的心，我也要定了！,2,第107话,笑水轩动漫/夏日紫,3,1507979039,0,4.6674,28,154450930,111389,,
1,878,32,刺杀大圣,0,http://cdn.517w.com/uploadfile/2018/0604/20180604045533283.jpg,积德行善的犄萌族，离奇的被齐天大圣孙悟空诛灭全族，只剩下谷小乖一人。柔弱的谷小乖带着无助和愤怒，肩负上了为族人讨回公道的使命。谷小乖四处寻找靠山，但大家似乎都对大圣有所忌惮，无人肯为谷小乖出头。最终，极度失望的谷小乖，开始依靠自己，走上复仇的刺杀之路。,7,公告,默,1,1536274817,0,4.7978,30,1078250985,108381,,
1,141,31,千织百绘,0,http://cdn.517w.com/uploadfile/2017/0901/20170901033233941.jpg,自古，妖怪就一直潜伏在人类中，即使是除妖师也很难对付它们。最近，千百年来的平安格局即将被打破，原因仅仅是因为——一部小说。小说暴露了妖怪们的弱点，而高中生作者则陷入了被妖怪们追杀的生活！,1,第79话,时光机工作室,1,1534730055,0,4.8741,32,100872344,97489,,
1,2114,31,鹿与森说,0,http://cdn.517w.com/uploadfile/2017/0831/20170831052415346.jpg,一对兽人从亲人变恋人的故事……,0,196,噼咔噼,1,1515114006,0,4.853,33,66998760,76351,,
1,1164,32,裙下之神,0,http://cdn.517w.com/uploadfile/2016/0301/20160301111947886.jpg,"拥有着麒麟臂的少年因为一次意外被校花威胁，卷入了一堆哭笑不得的麻烦事
搞笑的奇幻故事就此展开",1,044大结局,疯猫匠×镜夜兒,1,1478245374,0,4.7086,34,111214837,71917,,
1,2312,33,星海迷龙,0,http://cdn.517w.com/uploadfile/2017/0830/thumb_20170830122402504.jpg,当放荡不羁的黑二代穿成星际海盗王的儿子，敛财打怪收魔宠，小攻神马的要从蛋养成，看少爷如何把撒娇萌龙养成霸气帝王！,1,第165章,热麦漫画,1,1527123607,0,4.8908,35,167966756,61743,,
1,1217,32,最后的召唤师,0,http://cdn.517w.com/uploadfile/2017/0912/thumb_20170912134509606.jpg,"女神潘朵拉是万物之灵的本原，漫长的岁月里里，无数次战争围绕她进行着。最终，潘朵拉被一众出色的召唤师成功封印。
万物有灵。能够召唤万物之灵的人，被称为召唤师。自古以来，召唤师的传说深藏在每一段历史当中，召唤泥土，召唤枯骨，召唤灵魂，召唤星辰……但传说终究是传说，它总有一天会被时间封印，被世人遗忘……
现在，新的时代降临，召唤师，觉醒！",3,第280话,ASK STUDIO,1,1543885205,0,4.8006,36,3031268283,54483,,
1,1696,31,王爷你好贱,0,http://cdn.517w.com/uploadfile/2016/0525/thumb_20160525032820405.jpg,"大风起兮云飞扬，睁不开眼睛兮不知所身处何地啦！
别人家的女主都自带主角光环各种幸福，为毛本小姐要受尽这些贱王爷和小婊砸们的折磨！！！
我就不信本小姐这21世纪的先进脑袋瓜还斗不过你们这群蠢货~哼！(〃＞皿＜)
唉，不行了，成也计谋败也计谋，精灵古怪的本小姐也要沦陷美男计温柔乡了……",2,第538话,追梦动漫,1,1580313607,1,4.7489,37,38173115,52217,,
1,124,32,非常道先生,0,http://cdn.517w.com/uploadfile/2017/0830/20170830112226118.jpg,身怀绝技的道小天来帝京闯荡，受某公司高管林雪儿委托，为其老板追查窃贼。随着任务的出色完成，各类奇怪委托生意陆续找上门来，专门帮助各种雇主追查各类玄奇案件，而且与妹纸雇主们更是纠缠不清——,3,第425话,权迎升,1,1533180015,0,4.8224,38,446248826,51028,,
1,1846,33,厉害了爸爸们,0,http://cdn.517w.com/uploadfile/2017/0901/20170901094120257.jpg,没有妈妈怎么了，小豆包有好多爸爸，哼！至于爸爸怎么生的小孩，这种羞羞的事情你去问那个男妇产科医生嘛，他就是小豆包最亲的爸爸啦！,2,196,Mr.C懂哲学么少年/南城夫子,1,1535536784,0,4.8931,40,296377350,50433,,
1,4897,32,我在日本当道士,0,http://cdn.517w.com/uploadfile/2019/0118/thumb_20190118164913633.jpg,【周三、周六更新】鹤姬山，时常妖怪出没，生气的玉藻前大人要报仇。而她的仇家竟是一个普通的男高中生——田中真守，玉藻前大人跟田中真守有过什么矛盾呢……,2,第109话：臭田中我在这！,火龙传媒,1,1579017616,0,4.8,42,5376582,48795,,
1,248,31,我的男神,0,http://cdn.517w.com/uploadfile/2017/0901/20170901103145836.jpg,男神一秒变男婴？！快告诉我这不是真的！,2,第292回,千秋叶工作室,1,1530115203,0,4.8406,43,219194420,48264,,
1,4895,31,我不是陈圆圆,0,http://cdn.517w.com/uploadfile/2019/0115/thumb_20190115174758417.jpg,现代少女误触时空机缘，流落明朝末年，变身一代名伶陈圆圆，是甘当祸水红颜，还是改写命运，寻找属于她的那份爱情？,2,我来护送,时光鱼,1,1578646882,1,4.7895,44,2709982,45457,,
1,4980,31,攻妻不备,0,http://cdn.517w.com/uploadfile/2019/0624/thumb_20190624151853626.jpg,"她用了三个月适应她的新身份——席御哲的小姨。每日看他抱着别人温柔缱绻，内心再也受不了煎熬。
   夏日午后，他手持玫瑰却被她强吻：“我告诉你！我不是你小姨，这辈子，以后都不想当你小姨！我是……”席御哲淡薄的目光，却让她将剩下的话吞回。她是，谁呢？他根本就已经记不起！",2,第95话 幸福就在前方,神鱼漫社,1,1563171397,1,0,46,1558369,43949,,
1,123,32,天使与恶魔的密语,0,http://cdn.517w.com/uploadfile/2017/0831/thumb_20170831120757799.jpg,卷入到碰瓷事件中的少年，却能看见普通人看不见的天使与恶魔，这是稀有的魔眼与天眼的双重拥有者，少年因此成为了天使与恶魔争相拉拢的对象。人类、天使和恶魔之间的搞笑日常就此展开~,0,第一部最终话,千海,1,1524546979,0,4.8434,49,289982639,38604,,
1,3872,33,上锁的幸运,0,http://cdn.517w.com/uploadfile/2017/0911/thumb_20170911162650283.jpg,缘分总是捉摸不定，暑假期间，男主桐克本是在表哥的威逼利诱下兼职送快递，未曾想到，却因为这个契机认识了一个貌似自闭的男孩，男二幸生，命运的轨迹从此交错在一起。,1,第44话 秘密的终点,式虫,1,1534476719,1,4.8488,50,55611475,36890,,
1,3230,31,魔王的烦恼,0,http://cdn.517w.com/uploadfile/2017/0831/20170831015204111.jpg,被封印了三千年的魔王再次对人界展开侵略，然而却意外的孤身一人落入人界陷入了一生中最大的危机！枪与魔法、手机与精灵、高傲的魔王在现代化的人类社会开展的新的侵略冒险。,0,335（完结）,噼咔噼,1,1513215479,0,4.7824,51,248945075,35258,,
1,4400,31,虫娘星系大冒险,0,http://cdn.517w.com/uploadfile/2018/0412/20180412061616897.jpg,在浩瀚的大角虫漫画宇宙中，每个作者的作品星球形成了作者独有的奇妙星系，虫娘和虫子将会出现在作者们的星系之中~看大角虫的作者们给你带来新奇的虫娘大冒险吧！,6,23-孙渣星系,大角虫漫画,1,1525406414,0,4.7368,52,74256918,34145,,
1,2985,33,他与他的恶劣玩笑,0,http://cdn.517w.com/uploadfile/2017/0830/thumb_20170830192250619.jpg,相恋多年的情侣真的会被时间打败吗？当命运将第三个人推向他们，曾经对彼此许下的约定，是否还有机会实现？,1,第68话 不离不弃（完结）,黄皮很黄,1,1521179724,1,4.8396,53,49945641,33816,,
1,3620,33,学长，请听话,0,http://cdn.517w.com/uploadfile/2017/0831/20170831114118844.jpg,来到新学校读书的司徒彬，在开学的第一天却被学校里的危险人物——楚铭天给盯上了，但这位“危险人物”看不来没有传言那么危险？后来还被他拉着自己一起去打架，日常什么的全被打乱了…新的校园生活究竟会变成怎么样？？,1,第19话 深夜对话（中）,响君,1,1525097891,1,4.8924,54,53532291,33683,,
1,7,32,逆天而行那些年,0,http://cdn.517w.com/uploadfile/2017/0901/20170901044744112.jpg,苗岭村落中诡异的人体自燃事件，源起百年前的传说？极地冰川中掩埋的二战研究所，神秘的图腾预示着什么？沙漠腹地下埋藏的远古文明有何玄机？千奇百怪，谜团纵横，非常事件，再度揭开。,4,第467话,小宇轩,1,1531576979,0,4.9363,55,703561524,33364,,
1,4796,31,总裁的契约情人,0,http://cdn.517w.com/uploadfile/2018/0930/thumb_20180930165442130.jpg,身世坎坷的孤女，为何会得到总裁青睐？冷面总裁有什么不为人知的过去？,2,大结局,猫蛋蛋工厂,1,1552553341,0,3.5333,56,5373398,33358,,
1,809,32,宜昌鬼事之诡道,0,http://cdn.517w.com/uploadfile/2017/0830/20170830035909910.jpg,蛇从革原著，神农架深处的神秘机构、地下溶洞的奇特生物、遍地娃娃鱼的大鲵村，殡仪馆的离奇遭遇…三峡地区发生的无数奇闻异事！作者新浪微博：小哥有肉,3,算沙篇10,NADA漫画工作室,1,1517328007,0,4.8451,57,62842281,32578,,
1,35,32,设计者,0,http://cdn.517w.com/uploadfile/2017/0830/20170830124433861.jpg,被拜金女友甩掉仅仅四小时之后，自己居然成了杀人凶手！以为完美抹去所有证据却还是被警察找上了家门，不行，为了病中的母亲，为了自己美好的前景，一定不能被抓住！一场赌上全部的赌局，开始了。,9,第405话,北京神奇未来,1,1525862944,0,4.7886,58,456307835,31215,,
1,2558,33,遇见20岁,0,http://cdn.517w.com/uploadfile/2017/0831/20170831024742609.jpg,外冷内热面瘫攻X阳光居家贤妻受的欢脱日常！,1,第96话 七夕节的故事,目八,2,1534728416,1,4.9139,59,257692935,30299,,
1,1456,32,僵尸器圣,0,http://cdn.517w.com/uploadfile/2017/1011/20171011051008508.jpg,苏醒的僵尸少年为了能重新复活，离开墓穴踏上旅途，却卷入一场大纷争之中……,0,168,蓝茄,1,1533866338,0,4.8523,61,191874810,29865,,
2,4626,31,道士，妖怪与偶像明星,,http://cdn.517w.com/uploadfile/2018/0711/thumb_20180711163308645.jpg,一直以羽族自称的璎珞认定自己的使命就是要让沉睡的凤凰苏醒过来重振羽族的辉煌，因此偷偷溜到凡间。但凡间早已变成了人妖鬼 共存的世界，就此结识了降妖师风清逸以及拥有超凡好运的凡人慕尘音。同时，在追寻神器过程中不谙世事的璎珞在阴差阳错之下“不小心 ”出道成为偶像明星，就这样，一场啼笑皆非轰轰烈烈人妖鬼仙的娱乐圈喜剧就此展开……,2,,五千两漫画工作室,,1536800408,0,4.7692,,11271860,9302340,,
2,3809,31,恶女千金,,http://cdn.517w.com/uploadfile/2018/0604/20180604100530164.jpg,不良少女的豪门生活，每周二，四，六更新,3,,轮椅酱,,1533376808,0,4.7475,,157426431,129801974,,
2,3662,32,暗黑童话,,http://cdn.517w.com/uploadfile/2017/0830/20170830110041247.jpg,黑暗血腥的纯爱故事。,1,,森羽千帆×画萸,,1517302232,1,4.5368,,20322946,15285119,,
2,3548,32,派件人,,http://cdn.517w.com/uploadfile/2018/0201/thumb_20180201184158277.jpg,讲述了穿行于各个世界派件的快递员的故事，而各个世界又被一种献祭生命获得力量的诅咒所侵染。在各个危机四伏的世界中主人公究竟又有怎样的命运……,2,,灵堂麦霸,,1525572781,1,4.8624,,56318255,37795512,,
2,1317,32,灵刃传说,,http://cdn.517w.com/uploadfile/2017/1102/20171102050605149.jpg,邹一从小被父母遗弃，因奴隶的身份经常遭受不公平的待遇和欺凌。目睹青梅竹马小晴的死，邹一失去了生存的希望，但却巧遇封印在灵刃中的刃灵，成为绝世高手。为了得到力量，邹一答应帮助刃灵解除封印，从此踏上了收集白灵刃的冒险之旅……,2,,D·W,,1519869704,0,4.8094,,203657199,92405402,,
2,2253,33,末世后时代,,http://cdn.517w.com/uploadfile/2017/0901/20170901053126661.jpg,"末世之后，灵气充盈天地、生物疯狂进化，人类从食物链最顶端跌下，艰难求存。
陆枕青在一次意外中唤醒了沉眠的精灵“长庚”，在逐渐揭开身世之谜的同时，亦开启“人”与“变异生物”契约共存的崭新生存之道……除了精灵王大人太难伺候这一点，陆枕青也算是抱紧金大腿走上人生巅峰迎娶高帅富了呢_(:з」∠)_

这个时代源自毁灭，这个时代走向新生。",0,,有鱼漫画工作室,,1505378444,0,4.8555,,54128901,32457024,,
2,4980,31,攻妻不备,,http://cdn.517w.com/uploadfile/2019/0624/thumb_20190624151853626.jpg,"她用了三个月适应她的新身份——席御哲的小姨。每日看他抱着别人温柔缱绻，内心再也受不了煎熬。
   夏日午后，他手持玫瑰却被她强吻：“我告诉你！我不是你小姨，这辈子，以后都不想当你小姨！我是……”席御哲淡薄的目光，却让她将剩下的话吞回。她是，谁呢？他根本就已经记不起！",2,,神鱼漫社,,1563171397,1,0,,1558568,882690,,
2,4794,31,军阀老公贼坏：狠狠霸占你,,http://cdn.517w.com/uploadfile/2019/0309/thumb_20190309164636464.jpg,美丽夜总会女老板装傻卖丑只为逃婚，谁知道惹到夫家的军阀七叔； 杀伐果决的一代军阀，只因偶然的心动，抢了自己侄媳妇。 从此：“老婆最大，我老婆我不宠，谁宠？”宠到你目中无人，宠到你无法无天！,2,,猫蛋蛋工厂,,1559203267,0,3.2667,,3647272,7164603,,
2,4453,31,猫小白,,http://cdn.517w.com/uploadfile/2018/0427/thumb_20180427162829183.jpg,"可爱的小猫变成了少女，开启不按常理出牌的爆笑猫生,治愈、搞笑的冒险旅程就此开始！",1,,小宇轩,,1532744445,1,4.9,,29803877,31176658,,
2,4230,31,我家殿下要挂了,,http://cdn.517w.com/uploadfile/2018/0201/thumb_20180201171336752.jpg,没见过东篱以前，宋井颜想找个有车有房，身体健康，努力上进的好青年。见到东篱之后，她脑子里只剩下一个念头，怎么把东篱推倒在她的大床之上！,2,,云端漫画/菖尕/Sandro,,1518627619,0,4.8085,,4657993,4273437,,
2,2991,31,魔王切治疗,,http://cdn.517w.com/uploadfile/2019/0524/20190524043438915.jpg,本篇讲述的是一个作为杂鱼门派的无天门，一群不靠谱的弟子在不靠谱的师父的带领下如何将门派发扬光大的故事！,2,,蛮麟,,1524819674,0,4.9027,,548395775,518693446,,
2,2725,32,精英联盟,,http://cdn.517w.com/uploadfile/2017/0927/thumb_20170927220703791.jpg,末世超能力大乱斗,3,,千亮,,1532999063,0,4.8163,,267476416,172127868,,
2,2634,31,为什么后宫男主的我跑到了百合漫画,,http://cdn.517w.com/uploadfile/2018/0418/20180418054342684.jpg,讲述一个全身都是后宫男主要素的少年明明是要攻略妹子，但结果却让妹子们都在一起了的故事。,1,,吉太,,1533081618,0,4.9121,,188261423,146803764,,
2,2558,33,遇见20岁,,http://cdn.517w.com/uploadfile/2017/0831/20170831024742609.jpg,外冷内热面瘫攻X阳光居家贤妻受的欢脱日常！,1,,目八,,1534728416,1,4.9139,,257692935,175484750,,
2,2537,32,妖书录,,http://cdn.517w.com/uploadfile/2017/0831/20170831025543296.jpg,被妖精养大的人类姜小尘，如何在这个人妖共生的世界上，寻找出自己身世的真相。而被美女蛇和人类少女同时宠爱的他，最终会做出什么选择。,0,,默,,1517587321,0,4.7699,,165390077,60372945,,
2,2530,31,霸道总裁爱上我,,http://cdn.517w.com/uploadfile/2017/0830/thumb_20170830113542453.jpg,倔强独立的财阀独生女和门风森严的望族长孙定了娃娃亲！她，心有所属；他，矢志复仇；看霸道总裁如何运筹帷幄。家族继承权我要定了！你的心，我也要定了！,2,,笑水轩动漫/夏日紫,,1507979039,0,4.6674,,154451129,78658243,,
2,2328,31,Lala,,http://cdn.517w.com/uploadfile/2019/0524/20190524044640511.jpg,Lily姐妹篇~平行时间中 另一个甜蜜故事~,4,,噼咔噼,,1540602009,1,4.9218,,253493339,269186813,,
2,2312,33,星海迷龙,,http://cdn.517w.com/uploadfile/2017/0830/thumb_20170830122402504.jpg,当放荡不羁的黑二代穿成星际海盗王的儿子，敛财打怪收魔宠，小攻神马的要从蛋养成，看少爷如何把撒娇萌龙养成霸气帝王！,1,,热麦漫画,,1527123607,0,4.8908,,167966756,134989810,,
2,2213,31,星星不是发光体①,,http://cdn.517w.com/uploadfile/2017/0830/thumb_20170830113841899.jpg,陪伴十年的他，魅惑妖孽的他，霸道总裁的他，都为特立独行的她着迷。忽略性别的兄弟之情，不被接受的禁断之情，备受煎熬的狼羊之情，她的心会选择谁？星星不是发光体，真相是你想不到的下一秒。,1,,夏日紫/笑水轩动漫,,1525766699,0,4.8028,,103557739,49381069,,
2,1982,32,天机令,,http://cdn.517w.com/uploadfile/2018/0206/thumb_20180206165112946.jpg,十三岁的少女柳无意从小与师父浪迹街头，打遍同龄人无敌手，被称为临溪一霸，一天，他们在破庙中发现一个死人，从这人身上发现一块奇怪的令牌，从此，平静的生活开始彻底被打破,2,,青羽漫画,,1534402038,0,4.8647,,127723106,117919298,,
2,1966,32,超西游,,http://cdn.517w.com/uploadfile/2017/0831/20170831054802869.jpg,"不一样的西游，不一样的大圣，开启浩大的西游新篇章
超西游读者群号：347222848",0,,纳川,,1545294848,0,4.7821,,1047222937,519057207,,
2,1846,33,厉害了爸爸们,,http://cdn.517w.com/uploadfile/2017/0901/20170901094120257.jpg,没有妈妈怎么了，小豆包有好多爸爸，哼！至于爸爸怎么生的小孩，这种羞羞的事情你去问那个男妇产科医生嘛，他就是小豆包最亲的爸爸啦！,2,,Mr.C懂哲学么少年/南城夫子,,1535536784,0,4.8931,,296377350,256559363,,
2,1456,32,僵尸器圣,,http://cdn.517w.com/uploadfile/2017/1011/20171011051008508.jpg,苏醒的僵尸少年为了能重新复活，离开墓穴踏上旅途，却卷入一场大纷争之中……,0,,蓝茄,,1533866338,0,4.8523,,191874810,135606774,,
2,1378,31,Lily,,http://cdn.517w.com/uploadfile/2017/1214/20171214033751797.jpg,我喜欢的那个人，刚好是她……lily粉丝群号：571810715,8,,噼咔噼,,1550106013,0,4.935,,1544417888,3535485932,,
2,1250,32,十二司月,,http://cdn.517w.com/uploadfile/2017/0830/20170830110323827.jpg,"正月为陬，二月为如，自古历法分为十二个月份，每个月有一位当值的神仙，保佑人间风调雨顺，少病少灾——是为十二司月也。
快递小哥空山一觉醒来被告知竟是第八司月下凡，从此进入了一个光怪陆离的神仙世界。个性迥异的伙伴、形形色色的事件、更有意想不到的危机！独居单身狗要如何变成拉风的大仙！？
粉丝QQ群：397788606",1,,黄二爷/甩枪猫,,1537020295,0,4.8859,,110453036,75939535,,
2,1217,32,最后的召唤师,,http://cdn.517w.com/uploadfile/2017/0912/thumb_20170912134509606.jpg,"女神潘朵拉是万物之灵的本原，漫长的岁月里里，无数次战争围绕她进行着。最终，潘朵拉被一众出色的召唤师成功封印。
万物有灵。能够召唤万物之灵的人，被称为召唤师。自古以来，召唤师的传说深藏在每一段历史当中，召唤泥土，召唤枯骨，召唤灵魂，召唤星辰……但传说终究是传说，它总有一天会被时间封印，被世人遗忘……
现在，新的时代降临，召唤师，觉醒！",3,,ASK STUDIO,,1543885205,0,4.8006,,3031268283,696997696,,
2,1154,32,炼狱重生,,http://cdn.517w.com/uploadfile/2017/0901/20170901094828614.jpg,主角毫无征兆的被挚爱杀掉，心有不甘，千辛万苦追求真相！,1,,鱼乐漫画工作室,,1527645436,0,4.8351,,527060963,276110561,,
2,1149,31,杂思录,,http://cdn.517w.com/uploadfile/2017/0901/20170901095357547.jpg,一个架空的帝国，关于背叛和阴谋的黑暗宫廷故事。上一秒笑，下一秒沦落，直白到露骨，直击人心。杂思录官方一群：239114104,0,,TUTU/左纹,,1524560064,0,4.9393,,223522137,176501856,,
2,1043,33,恋爱的无休止境,,http://cdn.517w.com/uploadfile/2018/0221/thumb_20180221220302587.jpg,一个谈恋爱的小清新故事，周日更新√具体时间点要看过审情况,1,,Suuygo,,1530364683,0,4.8849,,175967139,96058570,,
2,966,32,外星人饲养手册,,http://cdn.517w.com/uploadfile/2018/0614/20180614050912522.jpg,"地球少年……踏上宇宙霸主之路……
2015年夏，惨遭女友戴绿帽的大学生胡依星，跳楼离开了这个世界。随后，他竟然穿越到2115年一个叫耶尔的地球人身上！在未来世界，没有高科技也没有高楼大厦！有的只是一个个外星文明建立起的殖民区，以及被圈养的人类！有一天，耶尔发现了一个降落在地球上的飞行器，从此踏上了带领地球人反抗殖民，成为宇宙霸主之路！",3,,彩色蜡笔,,1528515484,0,4.7543,,652215339,729087153,,
2,939,33,白酒难缠,,http://cdn.517w.com/uploadfile/2018/0601/thumb_20180601203140208.jpg,当穿错时空的机器人缠上了冷如寒冰的千年蛇精 谁又会先融化了谁的内心呢? 欢迎加入欢脱日常 粉丝群群号：577407918,2,,清羽,,1532779880,0,4.9276,,414342874,298470634,,
2,878,32,刺杀大圣,,http://cdn.517w.com/uploadfile/2018/0604/20180604045533283.jpg,积德行善的犄萌族，离奇的被齐天大圣孙悟空诛灭全族，只剩下谷小乖一人。柔弱的谷小乖带着无助和愤怒，肩负上了为族人讨回公道的使命。谷小乖四处寻找靠山，但大家似乎都对大圣有所忌惮，无人肯为谷小乖出头。最终，极度失望的谷小乖，开始依靠自己，走上复仇的刺杀之路。,7,,默,,1536274817,0,4.7978,,1078251582,936646033,,
2,662,32,全职高手,,http://cdn.517w.com/uploadfile/2017/0901/20170901021541926.jpg,"《全职高手》官方漫画！大角虫漫画独家连载！蝴蝶蓝巅峰原著，欢迎来到荣耀！

网游《荣耀》中被誉为教科书级别的顶尖高手，因为种种原因遭到俱乐部的驱逐，离开职业圈的他寄身于一家网吧成了一个小小的网管，但是，拥有十年游戏经验的他，在荣耀新开的第十区重新投入了游戏，带着对往昔的回忆，和一把未完成的自制武器，开始了重返巅峰之路——",1,,常盘勇者/蝴蝶蓝,,1534841826,0,4.938,,609502633,681159844,,
2,558,32,校花的贴身高手,,http://cdn.517w.com/uploadfile/2018/0604/20180604115250614.jpg,"改编自鱼人二代同名小说《校花的贴身高手》。
一个大山里走出来的绝世高手，林逸表面上是一名普通学生，不过，他还是一名修炼者！并且身负另外一个重任，那就是追校花！",0,,笑水轩/鱼人二代,,1532594160,0,4.7362,,1101110635,724968596,,
2,422,32,择天记,,http://cdn.517w.com/uploadfile/2017/0901/20170901102857506.jpg,太始元年，有神石自太空飞来，分散落在人间，其中落在东土大陆的神石，上面镌刻着奇怪的图腾。少年孤儿陈长生为治病改命离开自己的师父，带着一纸婚约来到人世间……,2,,猫腻/上海乙又,,1535637112,0,4.8362,,185069568,111585418,,
2,382,33,我的师傅不是人,,http://cdn.517w.com/uploadfile/2018/0613/thumb_20180613214146111.jpg,帝都打工青年陈天捡到废了修为失去记忆的黄金龙师傅，随之而来是黑衣人集团的疯狂追杀。腹黑徒弟携二货卖萌师傅的逃亡之旅中，震惊世界的阴谋渐渐浮现出来。为了寻找丢失的记忆，师徒的修仙之路一并开启。,9,,白月熊,,1532300415,0,4.8916,,554466790,515809113,,
2,338,32,超脑洞,,http://cdn.517w.com/uploadfile/2017/0831/20170831064510500.jpg,"幻想与狂想，脑洞与无畏，作画与涂鸦，说到底这漫画有人看没人管。
粉丝群四群：85779511",0,,孙渣,,1546835786,0,4.9132,,280276997,248857385,,
2,248,31,我的男神,,http://cdn.517w.com/uploadfile/2017/0901/20170901103145836.jpg,男神一秒变男婴？！快告诉我这不是真的！,2,,千秋叶工作室,,1530115203,0,4.8406,,219194420,104315064,,
2,141,31,千织百绘,,http://cdn.517w.com/uploadfile/2017/0901/20170901033233941.jpg,自古，妖怪就一直潜伏在人类中，即使是除妖师也很难对付它们。最近，千百年来的平安格局即将被打破，原因仅仅是因为——一部小说。小说暴露了妖怪们的弱点，而高中生作者则陷入了被妖怪们追杀的生活！,1,,时光机工作室,,1534730055,0,4.8741,,100872344,56434745,,
2,124,32,非常道先生,,http://cdn.517w.com/uploadfile/2017/0830/20170830112226118.jpg,身怀绝技的道小天来帝京闯荡，受某公司高管林雪儿委托，为其老板追查窃贼。随着任务的出色完成，各类奇怪委托生意陆续找上门来，专门帮助各种雇主追查各类玄奇案件，而且与妹纸雇主们更是纠缠不清——,3,,权迎升,,1533180015,0,4.8224,,446248826,272859051,,
3,4980,31,攻妻不备,,http://cdn.517w.com/uploadfile/2019/0624/thumb_20190624151853626.jpg,"她用了三个月适应她的新身份——席御哲的小姨。每日看他抱着别人温柔缱绻，内心再也受不了煎熬。
   夏日午后，他手持玫瑰却被她强吻：“我告诉你！我不是你小姨，这辈子，以后都不想当你小姨！我是……”席御哲淡薄的目光，却让她将剩下的话吞回。她是，谁呢？他根本就已经记不起！",2,,神鱼漫社,,1563171397,1,0,,1558568,882690,,
3,4974,31,宇宙X1025,,http://cdn.517w.com/uploadfile/2019/0601/thumb_20190601151045542.jpg,萨莉亚在刚满16岁这天离开了自己的母星，在浩瀚的宇宙中踏上了寻找“世界之眼”的奇幻旅程……,0,,明漫天下,,1561345275,1,5,,151837,134258,,
3,4973,31,北极熊的夏天,,http://cdn.517w.com/uploadfile/2019/0531/thumb_20190531211144955.jpg,由于一场意外，内向胆小的学霸白帆与冷漠叛逆的校霸许子一彼此身体发生了交换，交换后两人的生活虽然频频上演各种闹剧，但也以各自的方式解决了的种种难题，成为了更好的自己。,0,,小禾,,1561345535,1,5,,364767,218807,,
3,4970,31,这！就是街舞2,,http://cdn.517w.com/uploadfile/2019/0526/thumb_20190526163057788.jpg,《这！就是街舞第二季》是由优酷、灿星出品的街舞选拔类综艺，由易烊千玺、罗志祥、韩庚、吴建豪担任明星队长。,2,,炜哥,,1563171790,1,4,,823661,270143,,
3,4968,31,茂庭之森,,http://cdn.517w.com/uploadfile/2019/0520/thumb_20190520104437424.jpg,天使安徒因与恶魔杰西卡相恋触犯天条被贬下凡，法力尽失为了早日重回天国踏上了封印七宗恶魔普度众生的道路……,0,,明漫天下,,1559198716,1,5,,306062,149396,,
3,4967,31,这个同桌不太冷,,http://cdn.517w.com/uploadfile/2019/0517/thumb_20190517165157278.JPG,我的同桌对我好冷漠哦，而且还是个脾气不好的暴力女生   可是我居然   喜欢她！特别喜欢惹她生气，喜欢看她各种表情，就连流口水的样子也非常可爱呢！（不知道说啥好了，快点点进来看好吗？）,0,,羚羊,,1559198883,0,3,,292331,169064,,
3,4949,31,吾名社会黄,,http://cdn.517w.com/uploadfile/2019/0416/thumb_20190416085541148.jpg,身为一只喵，朕不仅在建国之后成精了，还心系着天下苍生。在地球的日子里，统治着全公司的朕简直要为设计师们操碎了心！每话一个朕的“烦心事”，想要帮朕解忧的话，就赶紧关注《吾名社会黄》！【那个抱着手机的！就是说你呢！】,2,,柏岩文化,,1564388220,1,5,,521380,374825,,
3,4945,32,伊登计划,,http://cdn.517w.com/uploadfile/2019/0408/thumb_20190408063425981.png,永生实验在世界第一研究机构L C 里秘密进行，其计划名为“伊登计划。”,0,,愤怒乐平,,1556012403,0,0,,2189,1165,,
3,4943,32,谁杀死了兔子,,http://cdn.517w.com/uploadfile/2019/0407/thumb_20190407173655214.jpg,七位女孩因为一道测试题被绑架到废弃的学校，等待她们的是戴着兔子面具的杀手。在这场死亡游戏里，只有找到真正的“兔子”才有活下去的希望。兔子究竟是谁？猜疑，嫉妒，谎言交织而成的游戏背后，又隐藏了怎样的真相……,0,,zer/日更计划,,1561013947,1,5,,815303,715746,,
3,4934,32,朝九不晚五,,http://cdn.517w.com/uploadfile/2019/0319/thumb_20190319174550174.jpg,在这里，白领没那么白！小资没那么资！文艺青年没那么青年，一群在职场不断挣扎的新手们，如何凭借自己的一股浪劲儿，掀起办公室浪花一朵朵……,0,,英小栎,,1555399011,1,0,,137310,116319,,
3,4925,31,爷二盗铃,,http://cdn.517w.com/uploadfile/2019/0227/thumb_20190227094253171.jpg,讲诉设计生活趣闻趣事,0,,爷二工作室,,1559035858,0,0,,2587,640,,
3,4924,32,鬼面英雄2,,http://cdn.517w.com/uploadfile/2019/0225/thumb_20190225153236505.jpg,鬼面英雄继续拯救宇宙,0,,邪恶大叔,,1563413416,0,5,,791821,545324,,
3,4920,32,第四世界,,http://cdn.517w.com/uploadfile/2019/0213/thumb_20190213015546902.jpg,"【每周一6am更新】
无法被通关的游戏《第四世界》，系统崩溃导致玩家被困其中，运营方开出了1000万的通关奖励，游戏专家出动了。",1,,D先生,,1560226880,0,5,,698092,568866,,
3,4911,32,吾主在此,,http://cdn.517w.com/uploadfile/2019/0130/thumb_20190130173844498.jpg,这个世界上有三个能够使用魔力的种族，人类，日行的光明生物“白种”和夜行的黑暗生物“黑种”。一部分拥有魔力的人类可以成为魔法使，驱使与其签下契约的黑白种。女主弗莱雅被称为黑暗太阳女神，属于黑暗生物却以同族为食，两百年前被一人类魔法师封印在书里。男主泰勒是光明使世家的独子，在一次母亲安排的试炼中……,1,,贝尔,,1551715218,0,5,,279595,256940,,
3,4910,32,守梦者,,http://cdn.517w.com/uploadfile/2019/0130/thumb_20190130173258740.jpg,彩虹的尽头有什么？是充满危险？或者藏着宝藏？不，彩虹的尽头是另一个世界——虹世界。那是一片光怪陆离的天地，储存着所有人的想象力、梦想与希望。为了守护人类的梦想，为了防止虹世界的崩溃，一群活跃于虹世界与现世界的人类出现了。他们被称为——守梦者。,1,,便利店的熊&玉米,,1552060809,0,5,,151439,146006,,
3,4900,31,世纪末的礼物,,http://cdn.517w.com/uploadfile/2019/0122/thumb_20190122160751795.jpg,30世纪末，新材料的发现使得科技飞速发展，正当人类享受着由科技时代带来了便捷的生活时，一则预言打破了这安定，“世纪末的大灾难”——人们这样称呼。,0,,沨,,1549964577,1,0,,172135,147392,,
3,4897,32,我在日本当道士,,http://cdn.517w.com/uploadfile/2019/0118/thumb_20190118164913633.jpg,【周三、周六更新】鹤姬山，时常妖怪出没，生气的玉藻前大人要报仇。而她的仇家竟是一个普通的男高中生——田中真守，玉藻前大人跟田中真守有过什么矛盾呢……,2,,火龙传媒,,1579017616,0,4.8,,5376582,3487792,,
3,4896,31,陛下从了我,,http://cdn.517w.com/uploadfile/2019/0116/thumb_20190116135708842.jpg,一位在乱世中横扫八荒统一六合的至高君王，一觉醒来发现自己穿越成了一位在深宫中伪装成女子以求自保的皇子。不堪忍受这等懦弱的伪装，这位君王决心再一次登上那最高之位。然而这宫中阴谋阳谋繁多，人心杂乱，一心只有天下的王之前御下的手段似乎已经有所过时？而公主的身份更是产生了种种误会？一系列啼笑皆非的“宫斗”即将在“昭殷”展开。,0,,简微玲,,1549960865,0,5,,310639,197916,,
3,4895,31,我不是陈圆圆,,http://cdn.517w.com/uploadfile/2019/0115/thumb_20190115174758417.jpg,现代少女误触时空机缘，流落明朝末年，变身一代名伶陈圆圆，是甘当祸水红颜，还是改写命运，寻找属于她的那份爱情？,2,,时光鱼,,1578646882,1,4.7895,,2710380,2417440,,
3,4891,31,第五号放映厅,,http://cdn.517w.com/uploadfile/2019/0110/thumb_20190110130219180.jpg,神使和妖灵在这里共处，过去和未来在这里汇聚，这里既可以窥视前世的谜，也可以偷看来生的路，这里是人类的禁地。电影拉开序幕，请入座，审判即将开始。,1,,时光鱼,,1554220803,1,0,,210144,178007,,
3,4883,31,云老说,,http://cdn.517w.com/uploadfile/2019/0104/thumb_20190104115200207.jpg,久与世隔绝的海岛上有一个名为“云山海村”的村落，有着肥沃的土壤，丰富的农作物，常年不败的桃花林，鲜美芳草落英缤纷，良田美池桑竹皆有，实在隐居的好去处。一场关于相遇与相知，健康与滋补故事，从此拉开序幕。,0,,云山海集,,1548147207,1,0,,50745,28782,,
3,4877,31,时间都知道,,http://cdn.517w.com/uploadfile/2018/1225/thumb_20181225173039850.jpg,一次意外，让刚刚怀孕的时简穿越回大学时代，重遇未来的丈夫叶珈成。所有的回去与归来，都是为了与爱重逢,1,,追梦动漫,,1563339530,1,4.5,,797791,932529,,
3,4874,32,不思议异界游侠,,http://cdn.517w.com/uploadfile/2018/1213/thumb_20181213115420760.jpg,由明漫天下创作，改编手游《不思议迷宫》。若干年后，真人进入游戏技术研发成功，并招募赏金猎人，借由他们一边测试一边直播赚钱。怀揣梦想的刘源报名参赛，凭借能力过关斩将。但游戏内不断出现的危险让人发觉，事情并不简单。AI角色开始觉醒，并与人类对峙，元凶竟是？,2,,明漫天下,,1561838412,1,5,,587846,518485,,
3,4872,31,花仙莫尼,,http://cdn.517w.com/uploadfile/2018/1211/thumb_20181211162119327.jpg,这是一个花香四溢，即健康又美丽的故事，这也是关于那个温柔又强大的女孩——莫尼的故事。,0,,酷动像,,1546988402,1,5,,658292,501424,,
3,4867,32,临时侦探,,http://cdn.517w.com/uploadfile/2018/1206/thumb_20181206162757345.jpg,【星河广纳漫画出品】万年不遇的大交错即将来临，世界将遁入混乱，孤儿楚一身怀仙道教秘法和睿智刑警元月一同除妖伏魔，维持世间本源之道的同时，上演了一幕幕诡异离奇，情感交织的悬妙故事。,0,,星河广纳漫画,,1556834403,1,5,,1087336,1816241,,
3,4860,31,成为兔子精的主人,,http://cdn.517w.com/uploadfile/2018/1130/thumb_20181130173908769.jpg,归鹭是一只向往人类生活的兔子精，在修成人身以后决心去往人类世界生活。为了帮助他更好的适应人类社会，千年来一直指导他修炼的山神木朔给了他一封“推荐信”，让他去找一位故人寻求帮助。归鹭满怀信心地出发后，立刻遭受了兔生的滑铁卢，不但莫名变回兔身，还被一个奇怪的主人收养。自此，一个温馨搞笑夹杂些许虐心的故事便开始了……,0,,数学君死的悲惨,,1544788803,0,0,,231238,150188,,
3,4857,32,化身,,http://cdn.517w.com/uploadfile/2018/1128/thumb_20181128175834440.jpg,NASA的卫星传回的一张外星照片上惊现一个人形身影。与此同时，德克萨斯荒漠中的小镇来了两位不速之客。一名失踪多年的英国人看似虚弱，不料竟变身为强壮凶猛的怪物，而一个亚洲少年竟赤手空拳与之搏斗。他们，究竟是什么人，从哪里来？,2,,李建,,1551801617,0,5,,1090520,955390,,
3,4856,33,冷酷的我,,http://cdn.517w.com/uploadfile/2018/1127/thumb_20181127082602354.jpg,作为失忆的丧尸，校园生活却是必不可少！一边与食人的本能作斗争，一边与自己命中注定的恋人谈恋爱。只是这个恋人好像不仅知道男主变成丧尸的内幕，还是幕后策划人之一。虐恋，丧尸真相逐步浮现。,0,,汪汪山王/夏天岛,,1578648627,1,5,,2794955,3088447,,
3,4853,31,涅槃之凤颜临歌,,http://cdn.517w.com/uploadfile/2018/1122/thumb_20181122152948675.jpg,前世，她倾覆一生助他登上皇位，却换来满门抄斩，永禁冷宫。 今世，她重回豆蔻年华，定要让他血债血偿！本以为对情爱之事早已经坦然，但不想有那么一个人，恰如其分地出现在她的生活里，让她甘心被这份爱赤诚的交上。,0,,惊奇大地,,1548471246,1,5,,943260,816654,,
3,4848,32,宝树奇谈,,http://cdn.517w.com/uploadfile/2018/1120/thumb_20181120170310370.jpg,随着时间的推移，华夏第一代神袛被人皇和英雄的光辉掩盖，逐渐消逝，其残骸化为了6棵宝树。虽然古神消逝了，但古神创造出的异兽却留存了下来，被后人写入山海经中。男主角虎蛟立志成为大妖创造新的妖怪世界，在遇到寄宿着创造妖怪世界种子的女主角百草后，卷入了一场争夺种子、关乎妖怪世界存亡的事件中。,1,,红树&黄秋水,,1551542419,0,5,,133330,68570,,
3,4847,32,人生九类迹行,,http://cdn.517w.com/uploadfile/2018/1120/thumb_20181120170006569.jpg,大约在七年前，我意外地来到了这个奇怪的世界，但是后来发现，这个世界除了人脸，文字，还有一些其他的东西倒过来了意外，并没什么可怕的。但是渐渐的，我发现各种奇怪的事发生了……,1,,王王阿冬,,1551456000,0,5,,174722,123716,,
3,4846,32,开元符澈记,,http://cdn.517w.com/uploadfile/2018/1120/thumb_20181120165815442.jpg,一个唐代人误打误撞穿越时空来到现代，为未来人掌握闯越时空的虫洞入口提供了契机。然而由于技术限制，未来人只能单向穿越到唐代，再也不能反向穿越回来。唐代开元，为了专门管理从未来穿梭而来人员，朝廷特设了“符澈司”……,1,,蛙那,,1551369607,0,0,,129748,62071,,
3,4845,32,大侦探福尔马林,,http://cdn.517w.com/uploadfile/2018/1120/thumb_20181120165607365.jpg,天才大侦探福尔马林，虽是丧尸，但智商一点也不比单细胞生物低！和普通丧尸不同，福尔马林通过换脑就能获得不同能力，随时变身古今中外各行强者！可谓是“没有解决不了的难题，只有买不 到的大脑！”如此强大的福尔马林没有骄傲自满，为了正义与真相还有房租，他决意粉碎一切罪 恶，破解所有的诡计。,2,,周烈焚&易飘扬,,1551369607,0,5,,599388,516023,,
3,4844,32,飞篮 FLYING ERA,,http://cdn.517w.com/uploadfile/2018/1120/thumb_20181120115549129.jpg,从千里迢迢的美国转校回来的龙雨，在校内巧遇新上任的美女篮球教练侯萧华。在他们眼前的是一支已然支离破碎，并且还是北国高中有史以来表现最差的男子篮球队，龙雨和侯萧华将为它注入生的希望，还是……有关篮球的青春故事即将围绕北国高中男篮展开！,1,,李建,,1551456000,0,5,,168553,91013,,
3,4842,31,霉神驾到,,http://cdn.517w.com/uploadfile/2018/1115/thumb_20181115155308831.png,我叫唐小菲，是个品学兼优热爱运动的少女。直到有一天…该死的霉神！走开啦！,0,,知谦动漫,,1543420816,1,5,,364966,266866,,
3,4841,32,噩梦,,http://cdn.517w.com/uploadfile/2018/1114/thumb_20181114182057997.jpg,于路有操控梦境的能力，但他的这个能力渐渐消失了，还突然进入一个有很多怪物的噩梦中。有一次他进入噩梦中挣扎时将母亲弄伤。醒来后于路陷入了生存危机，想要结束自己的生命。他打算跳下盘山公路，却连累了女孩黎晶晶和他一起掉入噩梦。他们在噩梦中展开了冒险。,0,,RC,,1548950402,0,0,,26467,14038,,
3,4838,32,鸟叔,,http://cdn.517w.com/uploadfile/2018/1113/thumb_20181113175349138.jpg,鸟叔与他的好基友得哥的各种日常。,0,,十一哥,,1556179389,0,0,,86963,32767,,
3,4822,32,奥兹,,http://cdn.517w.com/uploadfile/2018/1101/thumb_20181101230831713.jpg,这是一个女巫占据主导地位的世界——她们既可以是英雄，也可以是恶人。在1000年前，世界面临陨石浩劫濒临毁灭之际，一名女巫以自身为代价拯救了世界！而后人为纪念她，尊称她为“奥兹”，意为最伟大的魔法师。夏蒲——梦想成为“奥兹”的新手女巫，正准备开始她的冒险！,10,,ALEx,,1551456000,1,0,,106863,52037,,
3,4820,32,蓬莱仙诗,,http://cdn.517w.com/uploadfile/2018/1102/thumb_20181102142649233.jpg,神居动漫、惊奇大地联合出品，穿梭过去与未来拯救即将消失的我们,0,,神居动漫/惊奇大地,,1561967795,0,5,,800577,583656,,
3,4815,31,重生之娇宠小公主,,http://cdn.517w.com/uploadfile/2018/1024/thumb_20181024113518319.jpg,斯兰帝国唯一的公主索尼娅正值花季染病凋零，蒙女神怜悯，回到10岁再活一世，却获悉前世让自己痛苦离世的疾病背后竟有莫大的阴谋，宠爱自己一生的父皇，皇兄中，谁是陷害自己的哪一个人？新的一世，索尼娅暗下决心，一定要活下去……,2,,猫蛋蛋工厂,,1559201805,1,4.5625,,2451083,1936895,,
3,4814,32,麦克熊猫之朋来岛,,http://cdn.517w.com/uploadfile/2018/1022/thumb_20181022164101714.jpg,在每隔66年一届的“朋来音乐节”上，地位尊贵的岛主-麦克熊猫，因为洛克猩猩和麦克斯虫的疏忽而揭露了一段隐藏多年的事实。对于一向自信的麦克熊猫来说，无疑是巨大的打击。然而伴随着外界人类的到来，他必须完成自己的使命，迈上自己的音乐道路,0,,大头family,,1570695298,0,3,,269247,332313,,
3,4811,32,暴走怪谈之诡闻奇案,,http://cdn.517w.com/uploadfile/2019/0108/thumb_20190108142648291.jpg,胡志安是一名调查官，在调查一起恶灵案件时，意外发现其背后隐藏着巨大阴谋，也由此引出一连串闻所未闻的灵异怪案。随着案件真相层层剥开，幕后的神秘人也浮出水面。。,2,,暴走漫画,,1550459461,0,4.5455,,2347603,2727589,,
3,4808,32,移动森林,,http://cdn.517w.com/uploadfile/2018/1004/thumb_20181004104343626.jpg,10年前，国家北境森林突然出现一种特殊疾病，并迅速蔓延开来。经历多次研究，国家依然无法知道疾病的传播方式，为此重建了一条南北分界线，北部为重灾区，法律在这片区域被淡化；南部为安全区，国家所有活动都在这片区域进行。因为南北分界线的存在，国家矛盾升级，南部加强对北部的干涉，一场黑色硝烟正在升起,0,,狐狸Head,,1549952978,0,5,,246959,122284,,
3,4803,31,女神的诱惑,,http://cdn.517w.com/uploadfile/2018/0930/thumb_20180930181405416.JPG,长相甜美，身材火辣的女神张小茶，有着不为人知的过往——校园裸贷，深陷裸贷风波的她如何走出阴影？,2,,猫蛋蛋工厂,,1541491271,0,0,,363772,254872,,
3,4802,31,霸上隔壁帅大叔,,http://cdn.517w.com/uploadfile/2018/0930/thumb_20180930180403295.jpg,聚会喝醉走错门，不小心睡了隔壁帅大叔，谁知道帅大叔变身粘人包，被他黏上就跑不掉了……,2,,猫蛋蛋工厂,,1543476534,1,4.6667,,2404318,1258785,,
3,4798,31,穿越之狐王的专宠,,http://cdn.517w.com/uploadfile/2018/0930/thumb_20180930171521448.jpg,一朝穿越成为了狐王的真命天女，只想好好修炼早日回地球的苏冉儿，不知赖上她却是一只脸皮比墙还厚的狐狸君~ 她去哪，他都要跟到哪。这一副不追到天荒地老的架势算肿么回事？ 看千年雪山狐王如何化身护妻狂魔，为爱情，人挡杀人佛挡杀佛！,2,,猫蛋蛋工厂,,1543470864,0,4.6,,1539663,932790,,
3,4797,31,鬼王的三世宠妃,,http://cdn.517w.com/uploadfile/2018/0930/thumb_20180930171056333.jpg,继承了阴阳眼的玄学世家天才少女叶子麒，本以为逃脱不了家族诅咒，将于18岁去世，却突然冒出个未婚夫，谁知无限宠溺自己的未婚夫真实身份竟然是鬼界至尊——鬼王，一系列不可思议的事件，引出了三世爱恋也发现了更大的阴谋，三界动乱，明争暗斗，两人要如何携手回归？,2,,猫蛋蛋工厂,,1561968635,0,3.2222,,1927514,1179580,,
3,4796,31,总裁的契约情人,,http://cdn.517w.com/uploadfile/2018/0930/thumb_20180930165442130.jpg,身世坎坷的孤女，为何会得到总裁青睐？冷面总裁有什么不为人知的过去？,2,,猫蛋蛋工厂,,1552553341,0,3.5333,,5373796,6433507,,
3,4794,31,军阀老公贼坏：狠狠霸占你,,http://cdn.517w.com/uploadfile/2019/0309/thumb_20190309164636464.jpg,美丽夜总会女老板装傻卖丑只为逃婚，谁知道惹到夫家的军阀七叔； 杀伐果决的一代军阀，只因偶然的心动，抢了自己侄媳妇。 从此：“老婆最大，我老婆我不宠，谁宠？”宠到你目中无人，宠到你无法无天！,2,,猫蛋蛋工厂,,1559203267,0,3.2667,,3647272,7164603,,
3,4793,31,思凡的和尚与修仙的魔王,,http://cdn.517w.com/uploadfile/2018/0927/thumb_20180927163348880.jpg,"从前有座山，山里有座庙，庙里的和尚每天思凡唱戏斗蛐蛐羡鸳
鸯。隔壁也有座山，山里有个教，教里的魔王每天种花养鱼修仙当贤
良。当他们相遇，什么鸳鸯什么仙，都不如两人日常让人羡",0,,欧啦漫画,,1543980864,1,4.8,,926743,841023,,
3,4777,31,龙渊,,http://cdn.517w.com/uploadfile/2018/0907/thumb_20180907152642871.jpg,世界上真的有龙吗？营川坠龙的龙骨最终被收藏何地？龙骨密码意欲何为？茫茫白山之中藏着怎样的秘密？消失在历史长河中的墨氏流派修建在史前遗迹上的墨冢到底是抵御还是保卫？传说中的墨藏能否释疑这一切？历史的长河中遗失的一百七十九年到底发生了什么？陆军精锐步兵分队协科考队将逐一揭开那段被人为刻意抹去的历史！小心你的背后！,0,,神居动漫,,1554185781,0,5,,2279943,1601893,,
3,4771,32,恋爱进行时！,,http://cdn.517w.com/uploadfile/2018/0904/thumb_20180904173026376.jpg,[日更计划]士光和夏灵，一个是社会人，一个是研究生。对于一半迈入社会的两人，全新的同居生活既新鲜也充满未知。,0,,菲洛猫/日更计划,,1555552935,1,5,,1484341,1218145,,
3,4767,32,魔盗白骨衣,,http://cdn.517w.com/uploadfile/2018/0903/thumb_20180903111418595.jpg,阿里文学同名小说改编。一个患有心碎症，不能习武的少年，注定不能活过二十五岁，在江湖销声匿迹十载后重回京都，夜晚卸下伪装，披上月白战甲，化身白骨衣等待着他的究竟是…… 周二周五双更 QQ群号646609891 欢迎加入！,3,,阿柯文化,,1550040948,1,0,,1806124,1680486,,
3,4766,32,天坑鹰猎,,http://cdn.517w.com/uploadfile/2018/0831/thumb_20180831163931670.jpg,地质专家陆老师突然发狂伤人，其徒弟北京少年张保庆远赴东北寻求解药。在鹰屯姐弟菜瓜、二鼻子帮助下，三少年和地质队深入天坑，重重破局终获解药，解救恩师。,1,,深圳素心人漫画工作室,,1551409527,1,0,,122783,72192,,
3,4746,31,红颜如夕,,http://cdn.517w.com/uploadfile/2018/0824/thumb_20180824144736502.jpg,一觉醒来，她居然穿越到了王爷的身边，莫名其妙地成了他的八夫人？ 王爷对着她说永结同心，转脸却任由其他几位夫人诬陷她，毁她容貌…且看她如何浴火重生，华丽归来！【粉丝Q群：597419131】,2,,阿柯文化,,1559203302,0,4,,403174,691394,,
3,4744,31,豪门小冤家,,http://cdn.517w.com/uploadfile/2018/0824/thumb_20180824144305709.jpg,母亲为救一个陌生人丧命，被救之人竟然是韩氏董事长！成为孤儿的聂筱筱被接入豪门成为韩氏养女，没想到进门第一天就受到韩家少爷韩逸阳的百般刁难！上天，你为什么对我如此不公，夺走我的父母，还让我遇上这么一个冤家！上天：这个冤家，可能是我派来给你幸福的呀~,1,,阿柯文化,,1548037289,1,0,,244770,152885,,
3,4743,31,我的男友是明星,,http://cdn.517w.com/uploadfile/2018/0824/thumb_20180824143842408.jpg,采访的对象竟然是昨晚的他，大街小巷、各路媒体铺天盖地疯传着他们的照片与新闻，她因此受到牵连。大明星赖上小记者，随着青梅竹马、“弟弟”也加入了进来，围绕着夏青青的爱情争夺战就此拉开帷幕！ 进群：568960218,0,,阿柯文化,,1539332291,0,5,,94326,54638,,
3,4742,31,晚上才是女孩子,,http://cdn.517w.com/uploadfile/2018/0827/thumb_20180827115527111.jpg,（每周五更新）深夜下班回家的路上，竟然遇到了可爱的女孩子！不同于常人的警觉心让他决定不予理会。没想到，在对方猛烈进攻之下，两人的关系竟然越来越微妙……Q群397446074欢迎大家加入畅聊,0,,阿柯文化,,1548049072,1,3,,341285,268737,,
3,4741,31,情深不抵陈年恨,,http://cdn.517w.com/uploadfile/2018/0824/thumb_20180824142457891.jpg,结婚三年，丈夫家外有家。我竭尽努力想要挽回的心意，却比不上白莲小三在他眼里开成了一朵奇葩。 终于，自暴自弃的我，选择另一条逆袭之路。 封景，就像打开我新世界大门的一道风景。 他说，梧桐，这世上贱人这么多。你把手给我牵紧了，就再不用害怕。 qq群47569902剧情抢先看！,1,,阿柯文化,,1563340470,1,4.75,,1388423,2517049,,
3,4740,31,蛇蝎不好惹：弃后也妖娆,,http://cdn.517w.com/uploadfile/2018/0824/thumb_20180824142038178.jpg,一代皇后，不得皇上喜爱~女儿出世，带来的却是死亡    打入冷宫，痛失爱女，被废后位…… “既然世界和我作对！那我便化身蛇蝎，为女儿复仇！！” 不甘命运决心拯救自己   这场游戏刚刚开始 （交流群号：477963817）,1,,阿柯文化,,1548048509,1,5,,379493,526405,,
3,4739,31,如果从没爱过你,,http://cdn.517w.com/uploadfile/2018/0824/thumb_20180824115103789.jpg,3年冷漠与无视。当陆云湛知道，自己欺负的女人竟是儿时最爱的她时。言小安已经走了，带着肚子中的孩子和受尽的屈辱       (改编自小说：如果从没爱过你。Q群617501540欢迎大家加入),2,,阿柯文化,,1547530563,1,5,,2052685,3907982,,
3,4737,31,吸血鬼邻居,,http://cdn.517w.com/uploadfile/2018/0824/thumb_20180824113629804.jpg,梦中睁眼醒来，出现在城市的万丈高空是什么体验？还有一个帅帅的吸血鬼小哥哥抱着自己天了噜！第二天发现梦中的吸血鬼小哥哥成了自己新邻居？！这么帅的吸血鬼邻居竟然有四个！？自己的闺蜜是千年魔女？！小时候的暗恋对象是千年妖狐？！让我们一起见证一个平凡女高中生世界观的崩塌……,0,,阿柯文化,,1555555035,1,0,,183677,79828,,
3,4735,31,重生之慕甄,,http://cdn.517w.com/uploadfile/2018/0823/thumb_20180823171458705.jpg,后宫虐恋  她重生了两次，第一世，她看着他与别的女人双宿双飞，郁郁而终，第二世，她拼尽全力、不择手段，只为得到他，最终却被满门抄斩，那么，这一次，她只想离他越远越好……（ps：重生两次是有原因的，会在后面揭开谜底哦）【每周六更新】,1,,阿柯文化,,1555555001,0,5,,397403,799466,,
3,4714,31,狂女重生：纨绔七皇妃,,http://cdn.517w.com/uploadfile/2018/0816/thumb_20180816101649723.jpg,前世她受人欺害，最终丧子身死。如今重生归来，看她如何手撕渣男恶女，还叫腹黑王爷芳心暗许。,2,,崇卓漫画,,1580317208,1,4.6552,,7564189,8175761,,
3,4694,31,死神请和我恋爱,,http://cdn.517w.com/uploadfile/2018/0806/thumb_20180806181305911.jpg,为了救闺蜜跳下火车轨道却没死？原来救我的是死神大人！少女与死神甜蜜而又奇幻的校园故事……,3,,木浆纸工作室,,1537846533,1,4.1111,,9957577,6315800,,
3,4678,32,我本废柴,,http://cdn.517w.com/uploadfile/2018/0731/thumb_20180731032004407.jpg,【万画筒漫画出品】【每周三、周六更新】被看轻、被退婚、被杀害，也许这就是废柴该有的人生吧……可偏偏被我这修仙界第一的苍昆子夺舍重生。所谓既来之则安之，且看我如何用这废柴之躯，碾碎尔等蝼蚁之辈！,2,,万画筒漫画,,1545356998,1,0,,675406,426882,,
3,4663,32,侠客行不通,,http://cdn.517w.com/uploadfile/2018/0723/thumb_20180723112844966.jpg,我以为，闯荡江湖，只要武功高强，锄强扶弱，就能成为大侠的，哪怕我丑一点，我的武功偏一点也没关系的……或许，是我太丑了一点，武功太偏了一点？,2,,常盘勇者,,1532421912,1,4.9677,,1244745,1350153,,
3,4648,31,天乩之白蛇传说,,http://cdn.517w.com/uploadfile/2018/0713/thumb_20180713112706377.jpg,前世上神紫宣为救白夭夭魂飞魄散，转世后的药师宫宫上许宣重遇白夭夭，冥冥之中一股力量牵引着他们。这场人与妖的相恋，究竟能不能突破重重阻碍？周二周五锁定漫画《天乩之白蛇传说》！,2,,追梦动漫,,1541746074,1,3.5714,,2245715,2046448,,
3,4645,32,奥拉星·平行宇宙,,http://cdn.517w.com/uploadfile/2018/0713/20180713112754717.jpg,"在游戏世界，他是炉火纯青使用各种精灵进行战斗、长年霸居各种排行榜的【天下第一】；
在现实世界，他是各种鄙视链的最底层、默默暗恋校园女神的【倒数第一】；
有一天，这两个世界开始交错，哪个是真实，哪个是虚假？",0,,马赛克工作室,,1569302034,0,4.7679,,7864878,4956042,,
3,4632,32,不灭元神,,http://cdn.517w.com/uploadfile/2018/0706/thumb_20180706164035444.jpg,轮回重生，是偶然还是必然？ 陆弃，带着国术最高境界的领悟重生到了这个以武为尊的世界。 在这里，他获至宝、寻天道；收女奴、降神魔…… 让我们一起去踏上这元神不灭，天道永生的世界吧！ 由百世经纶所著的异界国术小说改编，《不灭元神》漫画每周四更新。,1,,素心人漫画工作室,,1569378039,1,0,,43979,27001,,
3,4627,31,暗月代理人,,http://cdn.517w.com/uploadfile/2018/0705/thumb_20180705133726330.jpg,［暂改为周日更新(°_°)］被解雇的当天，顾澜在垃圾堆里捡到了孱弱的美少年，谁知道他醒过来的第一件事，就是狠狠咬自己一口？,2,,徒子文化,,1559803455,1,4.3333,,14292892,11086316,,
3,4626,31,道士，妖怪与偶像明星,,http://cdn.517w.com/uploadfile/2018/0711/thumb_20180711163308645.jpg,一直以羽族自称的璎珞认定自己的使命就是要让沉睡的凤凰苏醒过来重振羽族的辉煌，因此偷偷溜到凡间。但凡间早已变成了人妖鬼 共存的世界，就此结识了降妖师风清逸以及拥有超凡好运的凡人慕尘音。同时，在追寻神器过程中不谙世事的璎珞在阴差阳错之下“不小心 ”出道成为偶像明星，就这样，一场啼笑皆非轰轰烈烈人妖鬼仙的娱乐圈喜剧就此展开……,2,,五千两漫画工作室,,1536800408,0,4.7692,,11271860,9302340,,
3,4613,31,柏岩子的设计日常,,http://cdn.517w.com/uploadfile/2018/0813/thumb_20180813130608590.jpg,柏雨和岩曦两位萌新，从踏入设计事务所的第一天就感觉哪里不对？不着四六的老板，天（奇）赋（形）异（怪）禀（状）的同事，还有镇司神宠超级社会的橘猫？传说中的职场并不是这个样子的好吗！想知道二位萌新在诸位人间极品的花式助攻下，如何剑走偏锋地搞定各位甲方霸霸？《柏岩子的设计日常》每周二周五，20:00准时交图给你好看！QQ交流群：861330730,2,,柏岩文化,,1553502778,1,4.9444,,1929305,1993776,,
3,4611,33,他的少年,,http://cdn.517w.com/uploadfile/2018/0627/thumb_20180627213503473.jpg,(不弃坑)两个而立之年的男人和他们生命中最珍贵的少年的温暖故事。,0,,即诚,,1545360894,0,0,,125171,97724,,
3,4609,32,妖道至尊,,http://cdn.517w.com/uploadfile/2018/0626/thumb_20180626180622459.jpg,涅槃重生，妖皇再现！一个傻子驸马，摇身成为妖皇，妖诀，元诀双修，妖凛天下！踩小人，招小弟，揽美人，成就最强妖道之路！,2,,乐游映画,,1544607777,0,5,,351036,193363,,
3,4604,31,饲养外星人的注意事项,,http://cdn.517w.com/uploadfile/2019/0329/thumb_20190329155944916.jpg,"原本只是普通大一学生的林玉子，却在某天突然遇上了神秘的“太空旅行家”，从此玉子的生活便变得有点不再普通……
喧闹不断又状况频出，人类与外星人的日常，就此拉开帷幕。",1,,旭实逸动,,1559203915,1,4.9412,,3270963,3047998,,
3,4600,31,时间海,,http://cdn.517w.com/uploadfile/2018/0621/thumb_20180621234223223.jpg,"知名小说《时间海》授权改编漫画作品。
你以为那是历史必然，其实是我们创造了历史。
周更，每周六更新！各位小伙伴请继续关注和支持我们！
时间海粉丝群：795987910 关注微博/微信：河鲀漫画",0,,河鲀漫画,,1548471606,0,4.7436,,2828387,2498825,,
3,4598,31,息和镇,,http://cdn.517w.com/uploadfile/2018/0621/thumb_20180621221428248.jpg,披上人皮你就不是妖了吗？,0,,凶毛人漫画,,1574662012,0,4.8276,,3496032,3437480,,
3,4596,32,Mist迷雾,,http://cdn.517w.com/uploadfile/2018/0621/thumb_20180621151722602.jpg,权谋下的悬疑命案。,0,,疯漫漫画工作室,,1532329456,1,0,,21691,16596,,
3,4560,32,诛仙·御剑行,,http://cdn.517w.com/uploadfile/2018/0606/thumb_20180606104323316.jpg,诛仙故事过去千百年。就在中原修真者即将忘记上古神剑诛仙剑的存在时，一个自小被寄养在“人妖院”的少年——林琰，怀揣着一块发着恶臭的腌泡菜石头，踏上了寻找父亲的旅途。 一路披荆斩棘之下，他结识了人生中两个重要的伙伴，一身正气的端木弘，还有呆萌可爱的朵一。 自此，新的有关于诛仙剑的故事开始了……,2,,完美世界漫画,,1555553685,0,4.3846,,3932041,3182845,,
3,4555,32,梦塔·雪谜城,,http://cdn.517w.com/uploadfile/2018/0601/thumb_20180601155531199.jpg,西山居原创3D动画《梦塔·雪谜城》同名漫画，每周五动画、漫画更新，欢迎观看~,1,,蓝诺、若秋,,1544409076,0,5,,2078953,2128466,,
3,4542,31,旷野之境·消失的流沙,,http://cdn.517w.com/uploadfile/2018/0607/thumb_20180607113516447.jpg,“旷野之境”是每个人的意识之地，极少数人可进入其中，身世成谜的心理咨询师张醒墨就是其中一个。一个女孩的离奇失踪使他彻底卷入了一场扑朔迷离的死亡事件中，婚期将近的女孩是妄想症还是被人蓄意跟踪？跟踪狂的执着，原生家庭的压抑，爱情的迷惘，谁困在谁的局中？背后的真相潜藏在旷野之境中……,1,,观池跨次元,,1548039969,1,4.8947,,1521419,1821337,,
3,4517,31,暧昧残留,,http://cdn.517w.com/uploadfile/2018/0521/thumb_20180521180144285.jpg,百合恋爱物语「我不求余生的万种柔情，只乞你刹那的温柔回眸」,1,,紫苏,,1532314895,0,4.9175,,9492300,9251002,,
3,4454,32,三十六骑,,http://cdn.517w.com/uploadfile/2018/0614/20180614050224643.jpg,天赋异禀的少年班超一直噩梦缠身，与同样为梦境所惑的当朝天子心有灵犀，于是网罗了能人异士三十六人奉王命西征，波澜壮阔的西域征途就此开始，命运与预言究竟指向何方？噼咔噼最新力作！,7,,噼咔噼×念远怀人,,1551082169,1,4.8884,,140784621,90462848,,
3,4453,31,猫小白,,http://cdn.517w.com/uploadfile/2018/0427/thumb_20180427162829183.jpg,"可爱的小猫变成了少女，开启不按常理出牌的爆笑猫生,治愈、搞笑的冒险旅程就此开始！",1,,小宇轩,,1532744445,1,4.9,,29803877,31176658,,
3,4291,32,火源α,,http://cdn.517w.com/uploadfile/2018/0228/thumb_20180228150326259.jpg,"“要么死！要么战斗！”这是一场人类生存的斗争，这是带来希望的火种同时也是战争的火种，守护住这份力量
探寻宇宙的造物阶梯！火源α小队将全力出击！
- 射击网游《火源》官方衍生漫画。",1,,英佩游戏,,1567751187,0,5,,138703,68654,,
3,4230,31,我家殿下要挂了,,http://cdn.517w.com/uploadfile/2018/0201/thumb_20180201171336752.jpg,没见过东篱以前，宋井颜想找个有车有房，身体健康，努力上进的好青年。见到东篱之后，她脑子里只剩下一个念头，怎么把东篱推倒在她的大床之上！,2,,云端漫画/菖尕/Sandro,,1518627619,0,4.8085,,4657993,4273437,,
3,4227,31,诸天纪,,http://cdn.517w.com/uploadfile/2018/0131/thumb_20180131160101701.jpg,诸天万界之间，有一处名为罗浮的世界，十万年生，十万年灭，世间万物亿兆生灵，便在这二十万年一次的生灭当中沉沦，周而复始循环不休，直到这一年，一个数万年前就已经死去的少年在藏剑阁当中醒来,3,,神居动漫,,1522055971,0,4.619,,14670877,7854525,,
3,4188,33,素菜包,,http://cdn.517w.com/uploadfile/2018/0112/thumb_20180112114509733.jpg,"一个脱线女友和骚浪贱男友的情侣组合，一个高冷男神和可爱小gay的吊胃口组合，还有一个是情路坎坷的万人迷御姐      
五个小伙伴毕业后齐聚妖都，并且住在一个叫素菜包的小区，他们之间会发生怎样有趣的日常？",3,,金姨,,1565324077,1,5,,191836,103016,,
3,4174,32,屠万界,,http://cdn.517w.com/uploadfile/2018/0108/thumb_20180108095950128.jpg,"万载大劫以来，此方天地自开辟之初沉积于九幽地渊的污浊祟气翻涌倒灌至人间
自此人间渐为阴世所侵
“人”不再是被天地所钟的万物之灵长
而沦为漫山遍野鬼怪邪祟的饵食
所幸3000年前两位帝君横空出世，力挽狂澜。
但万载大劫，万般邪祟最险恶的反扑也将到来
当此关头，一位穿越者
降临了",1,,manhua2028,,1545120268,0,0,,16915,5437,,
3,4150,32,恒,,http://cdn.517w.com/uploadfile/2017/1230/thumb_20171230154953719.jpg,在“恒”所维护的世界里，存在着妖精和妖怪两个种族,0,,MJiffy,,1565167710,0,5,,9751,6156,,
3,4122,31,山海无极,,http://cdn.517w.com/uploadfile/2017/1220/thumb_20171220133727377.jpg,【万画筒漫画出品】【每周四、每周日更新】一位背负着家族血海深仇的灵族亡国公主准备孤身一人夺回属于自己的国家。在复仇过程中这位公主邂逅了一群值得托付一切的伙伴，正当他们即将成功之际，一百年前圣战中埋下的阴谋浮现在众人的面前，在国仇家恨与拯救世界前面，年轻的公主最终将如何选择。,2,,万画筒漫画,,1546495120,0,5,,1119972,592731,,
3,4118,32,巨大勇者,,http://cdn.517w.com/uploadfile/2018/0808/thumb_20180808155209100.jpg,本作者努力每周更新一集。伙伴们的多多收看欧！收藏！点赞！吐槽！,1,,马景,,1544605951,0,0,,25074,9329,,
3,4051,32,灵域女神,,http://cdn.517w.com/uploadfile/2017/1115/thumb_20171115213637543.jpg,大型网络游戏《灵域女神2》风靡全球，在第一代游戏中就打出名气的大学女生凌琪琪，在游戏内测中重新遇到了当年秒杀自己的席若羽，两人在游戏中擦出了各种火花。《灵域女神2》里出现的歧视女性，让凌琪琪决定开始组建一支全女生的战队。,1,,漫巢文化,,1526127509,1,4.3571,,9154000,7038395,,
3,4025,32,穷途末路,,http://cdn.517w.com/uploadfile/2017/1108/thumb_20171108110727859.jpg,天才萝莉与呆板大叔的废土吃鸡之旅，要不要一起？,1,,铜主任&pope,,1520400173,0,4.7273,,8578214,9130551,,
3,4008,32,这个世界不是你想象中的样子,,http://cdn.517w.com/uploadfile/2018/0410/20180410025904387.jpg,陆人为了完成儿时约定，来到了青梅竹马诗诗的城市，然而等待陆人的却是，一个血腥颠覆自我的不一样的世界,1,,呜帕,,1530331295,0,4.614,,29982534,23901134,,
3,3993,31,晴天港湾,,http://cdn.517w.com/uploadfile/2017/1129/thumb_20171129112927318.jpg,老街港湾街11号有一间新开张的甜品店，这里有猫有狗，有善良的店长，有勤劳的店员，有叛逆的少年，有每天期盼儿子回家的阿婆，店里每天都会充满各种琐碎与烦恼，但却挡不住人们开怀的笑声。,2,,嘉一,,1530796919,1,4.913,,31537621,33046178,,
3,3972,31,糊涂镖局糊涂账,,http://cdn.517w.com/uploadfile/2017/1013/thumb_20171013125020705.jpg,【万画筒漫画出品】【每周五更新】一个一穷二白、风流倜傥的年轻镖头，一个沉默寡言、来历不明的冷面刀客，一个慵懒随意、讨厌麻烦的绝色美女，一个只有三个人的、不糊涂的糊涂镖局。,1,,万画筒漫画,,1564391537,1,3.75,,818885,666275,,
3,3937,32,中华诡域谈,,http://cdn.517w.com/uploadfile/2018/0128/thumb_20180128154717402.jpg,中华大地宽广无垠，奇境诡域亦有无数。在这些土地上，任何有违常理不可想象的惊奇恐怖之事都会发生。只有你想不到，没有你看不到。人间有传：一入此域，诡事纷至；若不能度，死生成迷……,2,,燕子青,,1527420765,0,4.3496,,34693817,23147897,,
3,3907,31,诡念人间,,http://cdn.517w.com/uploadfile/2018/0815/thumb_20180815140857304.jpg,"诡念人间是一部单元剧，由20部左右惊悚悬疑故事组成。每一部都会揭露人性中的丑恶面
诡念人间qq群：529820912
微X:激动漫画：bai_man_jiao
V博：激动漫画01",0,,主笔：郭沐鑫  编剧：行尸走肉,,1559203507,0,3.6667,,1109657,528212,,
3,3900,31,夺命粉丝线,,http://cdn.517w.com/uploadfile/2017/0915/thumb_20170915160922935.jpg,"小青很羡慕灵异菌拥有那么多的粉丝，希望自己也能成为这样一个微博大V。有天晚上小青接到了一个奇怪的电话，电话中告诉小青成了‘灵异博主’的新主人，小青必须更新微博维持灵异微博的粉丝，如果粉丝数每减少一定数量，小青就会受到恐怖的惩罚。花季少女惨遭微博毁容？校园暴力主导者竟因微博丧命！
夺命粉丝线qq群：529234048",0,,主笔：AK47 编剧：棱度桑,,1550122582,0,3.6667,,513971,260829,,
3,3817,31,记忆U盘,,http://cdn.517w.com/uploadfile/2017/0825/thumb_20170825114401198.jpg,"自来水之污《记忆U盘》动画每周四全网更新。记忆移植技术的发明，导致人们可以将知识、经历、情感甚至人格移植。
科技公司女BOSS在垂暮之年通过人格移植，在17岁的女生李小染身上重生。
妹妹方小甜觉醒，开始了“找回”姐姐的过程。",1,,潇潇潇潇如,,1534397875,1,4,,2636856,1925326,,
3,3809,31,恶女千金,,http://cdn.517w.com/uploadfile/2018/0604/20180604100530164.jpg,不良少女的豪门生活，每周二，四，六更新,3,,轮椅酱,,1533376808,0,4.7475,,157426431,129801974,,
3,3773,32,穿越效应,,http://cdn.517w.com/uploadfile/2017/0811/thumb_20170811160607886.jpg,"如果能回到过去改变一切，你会怎么做？
所有的事情都有连锁反应",1,,神北克,,1555468227,0,4.7273,,3329267,1765401,,
3,3751,32,变脸少年,,http://cdn.517w.com/uploadfile/2017/0831/thumb_20170831100046140.jpg,"这是一个看脸时代？这是一个刷脸盛世？如果帮你换一张脸，你想要怎么样的人生？
因为秋志诚救人惨遭毁容。脸毁了，他的生活也随着这张脸发生了翻天地覆的变化。被同学欺凌侮辱，被原本追捧的人落井下石、无情的背叛……
换一张脸的秋龙复仇是否成功？
是谁给绝望的他换上一张脸，给他一段与别不同的人生？
天底下真的有边吃的午餐吗？",2,,夏天岛,,1518525074,1,4.4706,,37409275,26732639,,
3,3669,31,朕的老婆们全挂了,,http://cdn.517w.com/uploadfile/2017/0830/20170830030135616.jpg,妙龄女子为何半夜惨叫，英俊男子为何沦为单身狗，豪门家族为何人丁凋零，这一切的背后，是老天爷的安排，还是命运的捉弄？,0,,乡草,,1515850874,1,4.4828,,86948566,56807023,,
3,3666,31,霸道女安然,,http://cdn.517w.com/uploadfile/2018/0604/20180604115922954.jpg,霸道追爱，强势复仇，一场权利与真爱的角逐。,1,,漫原画道,,1536757688,1,4.5972,,52999569,34927651,,
3,3662,32,暗黑童话,,http://cdn.517w.com/uploadfile/2017/0830/20170830110041247.jpg,黑暗血腥的纯爱故事。,1,,森羽千帆×画萸,,1517302232,1,4.5368,,20322946,15285119,,
3,3653,32,龙中对,,http://cdn.517w.com/uploadfile/2017/0831/20170831045647114.jpg,在万千世界中可能有无数个平行三国，但是有这么一个三国，它稍为有点不一样……什么？这个像是搞传销的光头大叔叫张角！？什么？那三个像在搞邪教仪式的妹子叫刘备、关羽、张飞？什么？宅在家里玩游戏不肯出门，敲了三次门才出来的御宅族妹子叫诸葛亮？左小龙有点晕，自己的三国知识在这里完全派不上用场啊！左小龙朝着天空怒吼：这个三国有毒啊！！！,0,,机箱猫工作室,,1522588774,1,4.5893,,74149612,54552188,,
3,3620,33,学长，请听话,,http://cdn.517w.com/uploadfile/2017/0831/20170831114118844.jpg,来到新学校读书的司徒彬，在开学的第一天却被学校里的危险人物——楚铭天给盯上了，但这位“危险人物”看不来没有传言那么危险？后来还被他拉着自己一起去打架，日常什么的全被打乱了…新的校园生活究竟会变成怎么样？？,1,,响君,,1525097891,1,4.8924,,53532291,38534190,,
3,3613,32,阴阳特派,,http://cdn.517w.com/uploadfile/2017/0830/20170830053528541.jpg,这是一个在冥界送外卖的故事……,0,,默,,1522450814,0,4.8343,,94255617,201395626,,
3,3565,31,美人灯笼铺,,http://cdn.517w.com/uploadfile/2017/0830/20170830053722629.jpg,"一盏可以照见秘密的灯笼
一间凝聚爱恨情仇的灯笼铺
浮世悲欢，凝于纱中灯火；
善恶交织，尽在方寸之地；
墙上灯影，窥探人性本色。",2,,霍如凡/莲沐初光,,1535418796,0,4.7535,,119260108,73367444,,
3,3563,32,超频域,,http://cdn.517w.com/uploadfile/2017/0816/20170816123323239.jpg,华历4682年，世界多处突然爆发能量过载，出现超频现象——很多人和物的超速进化和发展。有个名为权纵组的机构意图掩盖，而主人公永钞等一席人，暗中发现了这一切，后来他们受雇于秘密组织，到一线记录这些超自然现象，并且查明源头。永钞三人游走于各种离奇事件之间，渐渐发现这个世界很多不为人知的秘密。,2,,彭东东,,1506776405,0,4.5556,,4314683,2067209,,
3,3558,31,非人哉,,http://cdn.517w.com/uploadfile/2017/0831/20170831112654715.jpg,建国前成精的妖怪，建国后也要与时俱进才行~,4,,一汪空气,,1547693164,1,4.9641,,167178557,84140688,,
3,3553,33,双子星空下,,http://cdn.517w.com/uploadfile/2017/0901/20170901013602653.jpg,双子星饭店的少爷童子安初次遇见刘子昂，就莫名的被夺去了第一个同性之吻。这变成了二人相识的契机，本以为之后就会开始普通的生活，谁曾想二人之间问题不断，相爱相杀的二人也在种种问题中建立起了凌驾于羁绊之上的感情……,0,,木浆纸工作室,,1505872808,1,4.3846,,6437545,5234851,,
3,3548,32,派件人,,http://cdn.517w.com/uploadfile/2018/0201/thumb_20180201184158277.jpg,讲述了穿行于各个世界派件的快递员的故事，而各个世界又被一种献祭生命获得力量的诅咒所侵染。在各个危机四伏的世界中主人公究竟又有怎样的命运……,2,,灵堂麦霸,,1525572781,1,4.8624,,56318255,37795512,,
3,3510,32,魔星双龙传,,http://cdn.517w.com/uploadfile/2017/0601/thumb_20170601135727175.jpg,龙，能大能小，能升能隐；大则兴云吐雾，小则隐介藏形；升则飞腾于宇宙之间。隐则潜伏于波涛之内。男主墨尾与女主素果本是地球的龙族，却一直在宇宙的角落干着累活，他们最大的愿望就是赚够钱买飞船回到地球，突然某天随着一个危机的到来，这对兄妹也被迫开始了一段奇幻的宇宙归乡之旅！,1,,弟罗尔,,1558343567,0,1,,132069,44503,,
3,3506,32,魇,,http://cdn.517w.com/uploadfile/2017/0830/20170830054234901.jpg,每一场噩梦都来自灵魂深处的恐惧，每一个人的心底都有不可告人的过往，专注倾听着人们深夜祈祷的，是天神还是恶魔？梦魇将至，快去寻找你的救命稻草！,2,,狼鸦,,1525094256,0,4.898,,26711270,18268888,,
3,3504,31,孟婆的甜点,,http://cdn.517w.com/uploadfile/2017/0901/20170901050529295.jpg,浪费生命最终猝死的陈一被带到地府，放弃抵抗选择乖乖走地府流程投胎转世。不料在最后一关遇到一个不务正业的孟婆，对她的做事方法十分不满的他会怎么做呢？！,2,,良文,,1534129574,1,4.7073,,44777610,28897111,,
3,3503,31,醋栗味暗恋,,http://cdn.517w.com/uploadfile/2017/0830/20170830054517813.jpg,刚刚踏入社会的新人漫画家沐雨，偶然与自己初中时的暗恋对象重逢，想要为恋情努力的她，却不知对方对她的心情也……酸甜如醋栗味般的恋爱故事，就此展开——,0,,叭卜,,1524899582,0,4.6904,,44168925,26787450,,
3,3502,32,浪流狗,,http://cdn.517w.com/uploadfile/2017/1013/thumb_20171013210343212.jpg,一场秘密的实验，改变了7名婴儿的命运…,3,,大叔酱,,1537277729,0,4.7329,,286816280,332558187,,
3,3473,32,片儿区战警,,http://cdn.517w.com/uploadfile/2017/0831/20170831110154630.jpg,这是个小警察的闹腾故事~,1,,使徒子/shishio,,1544414361,1,4.8649,,5082000,3958784,,
3,3460,32,杀道行者,,http://cdn.517w.com/uploadfile/2017/1017/thumb_20171017165629766.jpg,"世道上，传闻有这么一个集合着神秘而庞大的组织——杀道会。每个杀道会的核心成员，都拥有匪夷所思的超能力。阿信，一个被愤怒和悲伤所束缚的男人，他只有一个目的：毁掉杀道会！
关注官方微博:@杀_道_行_者,微信公众号[百漫GO]，，可提前看预告更新获取更多漫画动态！
更新时间：每周三、周五~",6,,郑健和,,1574042982,1,4.8971,,21538065,8710987,,
3,3437,32,五洲志,,http://cdn.517w.com/uploadfile/2017/1011/thumb_20171011163602566.jpg,拥有超凡能力的星徒们使五洲大陆熠熠生辉，但光明之下，黑暗正一点点向五洲袭来，生于乱世的主人公沧海命运将何去何从，且听我慢慢给你道来。,0,,华漫飞,,1515923775,0,4.7455,,69582690,39109896,,
3,3391,32,破梦游戏,,http://cdn.517w.com/uploadfile/2018/0703/thumb_20180703105111341.jpg,【微博@破梦游戏，粉丝①群590712618】女大学生江函误入不醒城，被全世界通缉，一路升级打怪，化身霹雳女战士。清纯萌呆天才少女，火辣性感偶像杀手，两款女神生死PK，你想谁赢？,1,,吟谷传媒,,1549940750,0,4.3529,,104463539,33036562,,
3,3360,32,心魔游戏,,http://cdn.517w.com/uploadfile/2017/0831/20170831030948953.jpg,《心魔游戏》我们身边的每个人，心中或多或少都存在着一个心魔…每一个季度中，都有一个自称心理医生的神秘男子会去寻找7个有着不同心魔的人，让他们参加一场互相厮杀的心魔游戏。胜出心魔游戏的参赛者则可以满足任何要求。但为何心魔游戏背后的操控势力可以做出如此逆天的举动，又为何要举行这一场厮杀的游戏，其真正的势力范围又将是多么不可估计呢…,2,,Shin先生/南榛子,,1533880707,1,4.8715,,158860184,116638274,,
3,3356,31,妖精之愿,,http://cdn.517w.com/uploadfile/2017/0831/thumb_20170831170113996.jpg,从小与妖精为伴的米粒一直认为妖精就是美好的化身，然而来到城市之后，却认识了一帮不一样的妖精，他们美丽强大却又诅咒缠身。原来，化妖与诅咒相伴相生，为了帮助妖精摆脱诅咒，必须要帮助妖精们实现愿望。希望与痛楚纠缠的故事就此展开······,0,,歪歪狐动漫工作室&死于妄想症的猫,,1525753625,1,4.7621,,106688807,63894234,,
3,3308,32,极星骑士与恒天王座,,http://cdn.517w.com/uploadfile/2017/0831/thumb_20170831172436502.jpg,遭到外星生物入侵两百年后的地球，代表人类希望的两个改造人兄弟星北和星南，卷入了各方势力的相互算计、明争暗斗之中。更大的危机还在蕴量……两兄弟的命运究竟何去何从？,2,,缘漫动漫,,1506430827,0,4.7143,,9213395,7279477,,
3,3306,32,虎十三,,http://cdn.517w.com/uploadfile/2017/0830/20170830060728184.jpg,汉有虎贲，承传天下武学；明末大乱，江湖风起云涌；时至现代，虎贲传人意外流落世间。中国古武、现代武林、少年张一凡的传奇展开！,2,,暴青漫画,,1507209156,0,4.2581,,55055470,22953472,,
3,3305,32,风姿物语,,http://cdn.517w.com/uploadfile/2017/0414/thumb_20170414065109846.jpg,胸怀大志的山野小子兰斯洛、冰雪聪明的小草、被惊为天人的美少女紫钰、萌宠的猫女枫儿、神秘操控者周公瑾齐聚杭州，共同奏响风姿大陆传奇的初章。欢迎进入风姿物语的世界。,2,,猎星时代,,1574662330,0,4.5417,,5347702,3325700,,
3,3274,31,恶魔战姬(魔魂),,http://cdn.517w.com/uploadfile/2017/0830/thumb_20170830143442354.jpg,主人公塔埃，被古老家族遗弃的继承人，13岁在修道院封锁的图书馆里释放了艾斯玛。18岁便频繁出现身体男女交换变化的状况，变化一次便缩短寿命。18岁离开了修道院带着艾斯玛去寻找破除自己身体变异的魔法。,2,,小京京,,1506346591,1,4.7767,,10927456,5036088,,
3,3251,31,医妃撩君心,,http://cdn.517w.com/uploadfile/2017/0831/thumb_20170831173851369.jpg,"只看十格就捧腹的爆笑喜剧，读一千遍仍感动的爱情传奇
史上最逆天最暖萌小医妃狂虐当世最霸气最腹黑俏天子
世道衰败，奸佞当道，俏皇帝扮猪吃虎
山河变色，群雄纷争，小医妃倾覆乾坤
万里江山，不及你一抹笑靥",2,,歪歪狐动漫工作室,,1526952916,1,4.6162,,63107785,136659583,,
3,3183,31,你好，女勇者！(逆袭霸少),,http://cdn.517w.com/uploadfile/2017/1120/thumb_20171120133235316.jpg,因见义勇为而被校长开除的顾小柔，在刚刚踏入社会开始工作的第一天就因为得罪了市内的顶级阔少而被老板炒鱿鱼……此仇不报绝不是顾小柔！,0,,文成×月球,,1515300797,0,4.6806,,38507294,23833592,,
3,3181,31,恋上男友的替身,,http://cdn.517w.com/uploadfile/2017/1101/thumb_20171101214900647.jpg,替身？爱她？,2,,蓝晶科技漫画,,1536313707,0,4.7629,,162069897,102055530,,
3,3135,32,暗武者,,http://cdn.517w.com/uploadfile/2017/0830/20170830042924538.jpg,枫寺的妹妹美亚在中国的鬼节那一天突然消失了，枫寺怎么都寻找不到妹妹的踪影，直到十年后的那一个鬼节，一个神秘少女把枫寺带入了一个充满杀戮的世界，枫寺在寻找美亚的同时也渐渐揭开了这个世界的真实样貌以及枫寺的特殊身份……,0,,钢笔线,,1507857574,0,4.7143,,18870043,7549783,,
3,3134,32,有点咸,,http://cdn.517w.com/uploadfile/2017/0830/20170830052940882.jpg,姐控男主为了找回消失的姐姐，与小恶魔达成了协议，而条件是去破坏和收集别人的梦想。,1,,常盘勇者/枫雨木木,,1525686570,0,4.4651,,24156770,15162253,,
3,3126,32,管与少年说,,http://cdn.517w.com/uploadfile/2018/0606/thumb_20180606175720565.jpg,一辈子没有女朋友是怎样的体验？终日与管子相伴是怎样的体验？用白浊浇了妹子一脸是怎样的体验？和各类变态交流对打是怎样的体验？谢邀，以上问题本故事内均有答案~顺便Q群128486899欢迎来玩~来愉悦的交流不可描述的话题吧~,1,,常盘勇者,,1543224225,0,4.7251,,65450144,30898761,,
3,3117,31,学渣女帝,,http://cdn.517w.com/uploadfile/2017/0831/20170831021715396.jpg,现代理科女学渣的穿越逆袭之旅。总有那么多美男来勾搭，朕咋办呢？官方QQ群658678949，米娜桑来互动呀,2,,Berial/萌晞晞,,1535289572,0,4.6515,,111152755,141393612,,
3,3111,32,诡异志,,http://cdn.517w.com/uploadfile/2018/0202/thumb_20180202160454167.jpg,"怪事到处有，这里特别多。不同的事件里，男主大木都有不同的人生，遭遇不同的命运
诡异志粉丝群：498541480
微X:激动漫画：bai_man_jiao
V博：激动漫画01",0,,杨鑫/宿雨,,1563339150,1,5,,2564172,1155864,,
3,3034,32,阡陌间,,http://cdn.517w.com/uploadfile/2017/1101/20171101112936593.jpg,人心是会发霉的，在你思想的无数条阡陌小路间，那些正在腐败的情绪，会引你走向怎样的未知？,0,,漫核工场/栩栩,,1515927635,0,4.4765,,158287563,63081570,,
4,4714,31,狂女重生：纨绔七皇妃,,http://cdn.517w.com/uploadfile/2018/0816/thumb_20180816101649723.jpg,前世她受人欺害，最终丧子身死。如今重生归来，看她如何手撕渣男恶女，还叫腹黑王爷芳心暗许。,2,,崇卓漫画,,1580317208,1,4.6552,1,7564189,8175761,,
4,1696,31,王爷你好贱,,http://cdn.517w.com/uploadfile/2016/0525/thumb_20160525032820405.jpg,"大风起兮云飞扬，睁不开眼睛兮不知所身处何地啦！
别人家的女主都自带主角光环各种幸福，为毛本小姐要受尽这些贱王爷和小婊砸们的折磨！！！
我就不信本小姐这21世纪的先进脑袋瓜还斗不过你们这群蠢货~哼！(〃＞皿＜)
唉，不行了，成也计谋败也计谋，精灵古怪的本小姐也要沦陷美男计温柔乡了……",2,,追梦动漫,,1580313607,1,4.7489,2,38173115,15422241,,
4,4897,32,我在日本当道士,,http://cdn.517w.com/uploadfile/2019/0118/thumb_20190118164913633.jpg,【周三、周六更新】鹤姬山，时常妖怪出没，生气的玉藻前大人要报仇。而她的仇家竟是一个普通的男高中生——田中真守，玉藻前大人跟田中真守有过什么矛盾呢……,2,,火龙传媒,,1579017616,0,4.8,3,5376582,3487792,,
4,589,32,国魂,,http://cdn.517w.com/uploadfile/2019/0404/thumb_20190404160425320.jpg,一群百年前的民族英雄，在不堪回首的年代裡，用生命為我們寫過一頁頁英雄的故事。侵略者記住了他們的名字，而我們卻將他們遺忘。本作品正式名稱為「國魂」,1,,神北克,,1578648882,0,4.8986,4,3574985,1593594,,
4,4856,33,冷酷的我,,http://cdn.517w.com/uploadfile/2018/1127/thumb_20181127082602354.jpg,作为失忆的丧尸，校园生活却是必不可少！一边与食人的本能作斗争，一边与自己命中注定的恋人谈恋爱。只是这个恋人好像不仅知道男主变成丧尸的内幕，还是幕后策划人之一。虐恋，丧尸真相逐步浮现。,0,,汪汪山王/夏天岛,,1578648627,1,5,5,2794955,3088447,,
4,4895,31,我不是陈圆圆,,http://cdn.517w.com/uploadfile/2019/0115/thumb_20190115174758417.jpg,现代少女误触时空机缘，流落明朝末年，变身一代名伶陈圆圆，是甘当祸水红颜，还是改写命运，寻找属于她的那份爱情？,2,,时光鱼,,1578646882,1,4.7895,6,2710380,2417440,,
4,3305,32,风姿物语,,http://cdn.517w.com/uploadfile/2017/0414/thumb_20170414065109846.jpg,胸怀大志的山野小子兰斯洛、冰雪聪明的小草、被惊为天人的美少女紫钰、萌宠的猫女枫儿、神秘操控者周公瑾齐聚杭州，共同奏响风姿大陆传奇的初章。欢迎进入风姿物语的世界。,2,,猎星时代,,1574662330,0,4.5417,7,5347702,3325700,,
4,4598,31,息和镇,,http://cdn.517w.com/uploadfile/2018/0621/thumb_20180621221428248.jpg,披上人皮你就不是妖了吗？,0,,凶毛人漫画,,1574662012,0,4.8276,8,3496032,3437480,,
4,3460,32,杀道行者,,http://cdn.517w.com/uploadfile/2017/1017/thumb_20171017165629766.jpg,"世道上，传闻有这么一个集合着神秘而庞大的组织——杀道会。每个杀道会的核心成员，都拥有匪夷所思的超能力。阿信，一个被愤怒和悲伤所束缚的男人，他只有一个目的：毁掉杀道会！
关注官方微博:@杀_道_行_者,微信公众号[百漫GO]，，可提前看预告更新获取更多漫画动态！
更新时间：每周三、周五~",6,,郑健和,,1574042982,1,4.8971,9,21538065,8710987,,
4,1861,32,妖宿山,,http://cdn.517w.com/uploadfile/2017/0328/thumb_20170328095047984.jpg,在大陆的西边，连绵不绝地横亘着一条山脉。因其树木旺盛，常年翳云阴雨，还总有异物之声传出。万年的时光，往来西北的族人、旅客都会绕山而过，山中有妖之事也成了家常传说。老人们给这座奇怪的大山起了一个过目难忘的名字—— 妖 宿 山 。而我们的故事，也正是从这里开始。,0,,名动漫,,1574042963,0,4.8291,10,3113728,1293616,,
4,4580,32,琴键,,http://cdn.517w.com/uploadfile/2019/0118/thumb_20190118211941191.jpg,圣诞节后不久，帕加城有名的钢琴家、维洛克尔伯爵夫人伊·白兰在某日夜晚被人谋杀在自家琴行馆内，次日报纸头条、大街小巷都被这一话题给统一了。造成这一切喧嚣的凶手究竟是,0,,MJiffy,,1570695333,0,5,11,18905,7177,,
4,4960,32,末世归途,,http://cdn.517w.com/uploadfile/2019/0505/thumb_20190505134253188.jpg,毕业前夕，突然爆发的神秘病毒，破坏了现实的天枰，究竟如何才能继续活下去呢,0,,布苍生  行军蚁   寻道难,,1570695258,0,4,12,1604338,958606,,
4,4599,32,进化螺旋,,http://cdn.517w.com/uploadfile/2018/0621/thumb_20180621225242572.jpg,新的世界摧毁了一切旧的标准，只有生存才是真理所在,0,,凶毛人漫画,,1570695210,0,4.5556,13,634014,452092,,
4,259,32,神北克铁盒,,http://cdn.517w.com/uploadfile/2015/0522/20150522124936226.jpg,神北克的精品故事选辑～,0,,神北克,,1570695029,0,4.9206,14,1059418,438728,,
4,2498,33,开一下门好么,,http://cdn.517w.com/uploadfile/2016/1022/thumb_20161022191649487.jpg,夏维是一名普通的海归上班族，独居。一天下班后居住的屋子里忽然入住了一位不速之客，喜好安静的夏维心生厌烦，带着负面情绪与新室友开始了同居生活。,0,,娇仔_傲娇的娇,,1569390639,0,4.7688,15,4946202,2860034,,
4,3684,33,黑巫师,,http://cdn.517w.com/uploadfile/2017/0717/thumb_20170717143625758.jpg,一个拥有可怕传说，本质却截然不同的黑巫师。一个半魔血统的虔诚骑士，一次法术事故导致他们的魂魄被连在了一起？  ”什么，你叫一个黑巫师去拯救世界？“,0,,玛门之徒,,1569390607,0,5,16,363820,265794,,
4,4632,32,不灭元神,,http://cdn.517w.com/uploadfile/2018/0706/thumb_20180706164035444.jpg,轮回重生，是偶然还是必然？ 陆弃，带着国术最高境界的领悟重生到了这个以武为尊的世界。 在这里，他获至宝、寻天道；收女奴、降神魔…… 让我们一起去踏上这元神不灭，天道永生的世界吧！ 由百世经纶所著的异界国术小说改编，《不灭元神》漫画每周四更新。,1,,素心人漫画工作室,,1569378039,1,0,17,43979,27001,,
4,4645,32,奥拉星·平行宇宙,,http://cdn.517w.com/uploadfile/2018/0713/20180713112754717.jpg,"在游戏世界，他是炉火纯青使用各种精灵进行战斗、长年霸居各种排行榜的【天下第一】；
在现实世界，他是各种鄙视链的最底层、默默暗恋校园女神的【倒数第一】；
有一天，这两个世界开始交错，哪个是真实，哪个是虚假？",0,,马赛克工作室,,1569302034,0,4.7679,18,7864878,4956042,,
4,4291,32,火源α,,http://cdn.517w.com/uploadfile/2018/0228/thumb_20180228150326259.jpg,"“要么死！要么战斗！”这是一场人类生存的斗争，这是带来希望的火种同时也是战争的火种，守护住这份力量
探寻宇宙的造物阶梯！火源α小队将全力出击！
- 射击网游《火源》官方衍生漫画。",1,,英佩游戏,,1567751187,0,5,19,138703,68654,,
4,3611,31,画皮师,,http://cdn.517w.com/uploadfile/2017/0628/thumb_20170628171057811.jpg,天地之间灵韵万生，数千年中孕育了无数玄妙而诡谲的族群。其中更有特殊能力者仅凭一支画笔，便可为人重塑筋骨，易容改貌，世间称之为画皮师。师徒二人以画皮秘术行走人间，展开了一段奇幻之旅。本故事由奇月星空出品电影《画皮师》系列改编。,1,,奇月星空,,1567391604,0,4.8947,20,22998084,16059379,,
4,4603,32,我家有只编程猫,,http://cdn.517w.com/uploadfile/2018/0622/thumb_20180622173729595.jpg,四年级的小学生阿短，在自己生日当天意外唤醒了源码精灵编程猫，能够实现所有愿望的编程猫，会给阿短带来什么样的惊喜和挑战……,1,,素心人工作室  编程猫,,1565167217,0,0,21,101689,35791,,
4,394,32,公交男女爆笑漫画,,http://cdn.517w.com/uploadfile/2018/1030/thumb_20181030110742629.jpg,"微信公众号：公交男女
微博ID：公交男女
官群：182209064
商务合作：2465905525来不及解释了，快上车~~每日一更~",5,,武汉博润通,,1564458307,0,4.6266,22,33374794,8272683,,
4,3972,31,糊涂镖局糊涂账,,http://cdn.517w.com/uploadfile/2017/1013/thumb_20171013125020705.jpg,【万画筒漫画出品】【每周五更新】一个一穷二白、风流倜傥的年轻镖头，一个沉默寡言、来历不明的冷面刀客，一个慵懒随意、讨厌麻烦的绝色美女，一个只有三个人的、不糊涂的糊涂镖局。,1,,万画筒漫画,,1564391537,1,3.75,23,818885,666275,,
4,3615,31,老板老板不要了,,http://cdn.517w.com/uploadfile/2018/0104/thumb_20180104211157281.jpg,"书店女老板与大学生小模特的甜蜜爱情~
腹黑齐老板的撩妹技巧。
甜宠哦~
根据小说改编。",1,,也许陌生了,,1564389864,1,4.859,24,24273452,16925641,,
4,2144,31,夏洛特的道听途说,,http://cdn.517w.com/uploadfile/2018/0207/thumb_20180207130803267.jpg,从小居住在西大陆的少女夏洛特从小就从公爵的那里听闻东大陆的故事，在耳濡目染之下对东大陆产生了强烈的兴趣，而当他真的踏上了那片古老神秘的东方大陆之后，那些趣闻与奇遇就不断地萦绕在她的身边……,0,,沉底者/日更计划,,1564389503,1,4.918,25,1325231,694545,,
4,4949,31,吾名社会黄,,http://cdn.517w.com/uploadfile/2019/0416/thumb_20190416085541148.jpg,身为一只喵，朕不仅在建国之后成精了，还心系着天下苍生。在地球的日子里，统治着全公司的朕简直要为设计师们操碎了心！每话一个朕的“烦心事”，想要帮朕解忧的话，就赶紧关注《吾名社会黄》！【那个抱着手机的！就是说你呢！】,2,,柏岩文化,,1564388220,1,5,26,521380,374825,,
4,4924,32,鬼面英雄2,,http://cdn.517w.com/uploadfile/2019/0225/thumb_20190225153236505.jpg,鬼面英雄继续拯救宇宙,0,,邪恶大叔,,1563413416,0,5,27,791821,545324,,
4,4741,31,情深不抵陈年恨,,http://cdn.517w.com/uploadfile/2018/0824/thumb_20180824142457891.jpg,结婚三年，丈夫家外有家。我竭尽努力想要挽回的心意，却比不上白莲小三在他眼里开成了一朵奇葩。 终于，自暴自弃的我，选择另一条逆袭之路。 封景，就像打开我新世界大门的一道风景。 他说，梧桐，这世上贱人这么多。你把手给我牵紧了，就再不用害怕。 qq群47569902剧情抢先看！,1,,阿柯文化,,1563340470,1,4.75,28,1388423,2517049,,
4,4877,31,时间都知道,,http://cdn.517w.com/uploadfile/2018/1225/thumb_20181225173039850.jpg,一次意外，让刚刚怀孕的时简穿越回大学时代，重遇未来的丈夫叶珈成。所有的回去与归来，都是为了与爱重逢,1,,追梦动漫,,1563339530,1,4.5,29,797791,932529,,
4,3111,32,诡异志,,http://cdn.517w.com/uploadfile/2018/0202/thumb_20180202160454167.jpg,"怪事到处有，这里特别多。不同的事件里，男主大木都有不同的人生，遭遇不同的命运
诡异志粉丝群：498541480
微X:激动漫画：bai_man_jiao
V博：激动漫画01",0,,杨鑫/宿雨,,1563339150,1,5,30,2564172,1155864,,
4,1803,32,四圣传,,http://cdn.517w.com/uploadfile/2017/1205/thumb_20171205111303583.jpg,传说在人界中有四根柱子，这四根柱子支撑着天，如果柱子被拿走，天就会塌下来，造成很大的灾难。有四只灵猴分别对应着四根撑天柱，他们都知道这四根柱子的真言，并可以取走它们。剧本：梁栋华。主笔 勾线 上色 网点：霍连杰。,0,,四圣传,,1563339010,0,4.5714,31,1024433,335759,,
4,4970,31,这！就是街舞2,,http://cdn.517w.com/uploadfile/2019/0526/thumb_20190526163057788.jpg,《这！就是街舞第二季》是由优酷、灿星出品的街舞选拔类综艺，由易烊千玺、罗志祥、韩庚、吴建豪担任明星队长。,2,,炜哥,,1563171790,1,4,32,823661,270143,,
4,4980,31,攻妻不备,,http://cdn.517w.com/uploadfile/2019/0624/thumb_20190624151853626.jpg,"她用了三个月适应她的新身份——席御哲的小姨。每日看他抱着别人温柔缱绻，内心再也受不了煎熬。
   夏日午后，他手持玫瑰却被她强吻：“我告诉你！我不是你小姨，这辈子，以后都不想当你小姨！我是……”席御哲淡薄的目光，却让她将剩下的话吞回。她是，谁呢？他根本就已经记不起！",2,,神鱼漫社,,1563171397,1,0,33,1558568,882690,,
4,4874,32,不思议异界游侠,,http://cdn.517w.com/uploadfile/2018/1213/thumb_20181213115420760.jpg,由明漫天下创作，改编手游《不思议迷宫》。若干年后，真人进入游戏技术研发成功，并招募赏金猎人，借由他们一边测试一边直播赚钱。怀揣梦想的刘源报名参赛，凭借能力过关斩将。但游戏内不断出现的危险让人发觉，事情并不简单。AI角色开始觉醒，并与人类对峙，元凶竟是？,2,,明漫天下,,1561838412,1,5,34,587846,518485,,
4,4979,32,好人物语,,http://cdn.517w.com/uploadfile/2019/0621/thumb_20190621214601837.jpg,我想成为好人，微博@青栗子ya,0,,青栗子,,1561452353,0,0,35,3980,1609,,
4,4976,31,萤转流情,,http://cdn.517w.com/uploadfile/2019/0608/thumb_20190608123139740.png,由一个外卖小哥（误）遇见“黑”店看板娘为契机而开展的，多人轻松浪漫爱情喜剧。（前期略多铺垫请见谅。）,0,,兰山鹤线,,1561345756,1,5,36,105470,59174,,
4,4974,31,宇宙X1025,,http://cdn.517w.com/uploadfile/2019/0601/thumb_20190601151045542.jpg,萨莉亚在刚满16岁这天离开了自己的母星，在浩瀚的宇宙中踏上了寻找“世界之眼”的奇幻旅程……,0,,明漫天下,,1561345275,1,5,37,151837,134258,,
4,4943,32,谁杀死了兔子,,http://cdn.517w.com/uploadfile/2019/0407/thumb_20190407173655214.jpg,七位女孩因为一道测试题被绑架到废弃的学校，等待她们的是戴着兔子面具的杀手。在这场死亡游戏里，只有找到真正的“兔子”才有活下去的希望。兔子究竟是谁？猜疑，嫉妒，谎言交织而成的游戏背后，又隐藏了怎样的真相……,0,,zer/日更计划,,1561013947,1,5,38,815303,715746,,
4,4920,32,第四世界,,http://cdn.517w.com/uploadfile/2019/0213/thumb_20190213015546902.jpg,"【每周一6am更新】
无法被通关的游戏《第四世界》，系统崩溃导致玩家被困其中，运营方开出了1000万的通关奖励，游戏专家出动了。",1,,D先生,,1560226880,0,5,39,698092,568866,,
4,4627,31,暗月代理人,,http://cdn.517w.com/uploadfile/2018/0705/thumb_20180705133726330.jpg,［暂改为周日更新(°_°)］被解雇的当天，顾澜在垃圾堆里捡到了孱弱的美少年，谁知道他醒过来的第一件事，就是狠狠咬自己一口？,2,,徒子文化,,1559803455,1,4.3333,40,14292892,11086316,,
4,4604,31,饲养外星人的注意事项,,http://cdn.517w.com/uploadfile/2019/0329/thumb_20190329155944916.jpg,"原本只是普通大一学生的林玉子，却在某天突然遇上了神秘的“太空旅行家”，从此玉子的生活便变得有点不再普通……
喧闹不断又状况频出，人类与外星人的日常，就此拉开帷幕。",1,,旭实逸动,,1559203915,1,4.9412,41,3270963,3047998,,
4,3907,31,诡念人间,,http://cdn.517w.com/uploadfile/2018/0815/thumb_20180815140857304.jpg,"诡念人间是一部单元剧，由20部左右惊悚悬疑故事组成。每一部都会揭露人性中的丑恶面
诡念人间qq群：529820912
微X:激动漫画：bai_man_jiao
V博：激动漫画01",0,,主笔：郭沐鑫  编剧：行尸走肉,,1559203507,0,3.6667,42,1109657,528212,,
4,4554,31,隐世十族之阴阳师,,http://cdn.517w.com/uploadfile/2018/0627/20180627051419636.jpg,阴阳师夏子涵为了寻找多年前哥哥性情大变屠戮全族的原因，踏上了收集四大神兽的旅程。途中偶遇拥有双重人格的画幻师沈墨之，率直的武术师吴真，并发现了世间山海众暴走源头“蚩尤之力”的秘密。背负十族使命，最终成长为阴阳师家族的家主。,1,,隐氏十族,,1559203446,1,4.5556,43,929927,1138409,,
4,4721,31,兮兮罗曼史,,http://cdn.517w.com/uploadfile/2018/1204/thumb_20181204163411221.jpg,苏颜兮没想到有天竟要代替姐姐嫁给恶魔总裁顾西城，不过嫁也嫁了，婚后谁爱上谁还说不定呢！,2,,崇卓漫画,,1559203398,1,3.8,44,2109798,1968325,,
4,4746,31,红颜如夕,,http://cdn.517w.com/uploadfile/2018/0824/thumb_20180824144736502.jpg,一觉醒来，她居然穿越到了王爷的身边，莫名其妙地成了他的八夫人？ 王爷对着她说永结同心，转脸却任由其他几位夫人诬陷她，毁她容貌…且看她如何浴火重生，华丽归来！【粉丝Q群：597419131】,2,,阿柯文化,,1559203302,0,4,45,403174,691394,,
4,4958,32,迁流之界,,http://cdn.517w.com/uploadfile/2019/0504/thumb_20190504130352660.jpg,201X年S市，少年雷泽命运般遇到了神秘的异族少女红菱，从而卷入了一场自人类文明创建伊始就开始的万年战争。在鲜为人知的血与火的战斗中，这个世界的命运会如何？散落世界的各大家族命运几何？沉没的大西洲，北欧和凯尔特的传说，以及世界各地的神话起源呢？在这里都将一一揭晓。,1,,树君,,1559201790,0,0,46,98903,40089,,
4,4963,32,桑天之门,,http://cdn.517w.com/uploadfile/2019/0514/thumb_20190514141718951.jpg,学生党，只能不定时更新，请多包涵！,0,,白鱼,,1559201551,0,1,47,383075,202144,,
4,4969,32,孽海花,,http://cdn.517w.com/uploadfile/2019/0525/thumb_20190525201036243.jpg,五胡乱华时期，昆仑老祖遣弟子英子入世探寻秘密。一段波诡云谲，扑朔迷离的魔幻历程就此展开。乱世艰险远超想象，英子渐渐陷入重重迷局和阴谋之中，她迷失，挣扎，奋进。。。她能解开所有困惑并主宰自己的命运吗？,0,,米高龙,,1559199594,0,0,48,64277,22782,,
4,4968,31,茂庭之森,,http://cdn.517w.com/uploadfile/2019/0520/thumb_20190520104437424.jpg,天使安徒因与恶魔杰西卡相恋触犯天条被贬下凡，法力尽失为了早日重回天国踏上了封印七宗恶魔普度众生的道路……,0,,明漫天下,,1559198716,1,5,49,306062,149396,,
4,4971,31,云梦千妖录,,http://cdn.517w.com/uploadfile/2019/0529/thumb_20190529155642108.png,《云梦四时歌》手游携手浮声绘梦声画工作室联合出品官方符灵漫画栏目【云梦千妖录】，不定期为小可爱们展现不同游戏符灵的精彩故事，包括但是不限于穷奇、祸斗、白泽的小秘密,0,,浮声绘梦声画工作室,,1559198240,1,0,50,0,0,,
4,4925,31,爷二盗铃,,http://cdn.517w.com/uploadfile/2019/0227/thumb_20190227094253171.jpg,讲诉设计生活趣闻趣事,0,,爷二工作室,,1559035858,0,0,51,2587,640,,
4,3510,32,魔星双龙传,,http://cdn.517w.com/uploadfile/2017/0601/thumb_20170601135727175.jpg,龙，能大能小，能升能隐；大则兴云吐雾，小则隐介藏形；升则飞腾于宇宙之间。隐则潜伏于波涛之内。男主墨尾与女主素果本是地球的龙族，却一直在宇宙的角落干着累活，他们最大的愿望就是赚够钱买飞船回到地球，突然某天随着一个危机的到来，这对兄妹也被迫开始了一段奇幻的宇宙归乡之旅！,1,,弟罗尔,,1558343567,0,1,52,132069,44503,,
4,2428,32,就想要个女朋友,,http://cdn.517w.com/uploadfile/2016/1009/thumb_20161009163810298.jpg,茗漫最新力作《就想要个女朋友》爆笑来袭，还在为没有女朋友而烦恼？现在，不用担心，跟着我们一起，去攻略你心中的女王、萝莉或者御姐吧，一切，皆有可能!妈妈再也不用担心我没有女朋友了~这是一个略显鬼畜的故事…………,6,,茗漫漫画,,1557473217,1,4.7005,53,10790151,3300952,,
4,4867,32,临时侦探,,http://cdn.517w.com/uploadfile/2018/1206/thumb_20181206162757345.jpg,【星河广纳漫画出品】万年不遇的大交错即将来临，世界将遁入混乱，孤儿楚一身怀仙道教秘法和睿智刑警元月一同除妖伏魔，维持世间本源之道的同时，上演了一幕幕诡异离奇，情感交织的悬妙故事。,0,,星河广纳漫画,,1556834403,1,5,54,1087336,1816241,,
4,4913,31,初音未来同人漫画集,,http://cdn.517w.com/uploadfile/2019/0131/thumb_20190131111324532.jpg,"以初音为主的同人漫画~
可能会有做的不好的地方欢迎大家提议~~",0,,荼兔凸,,1556012800,1,0,55,100296,49163,,
4,4945,32,伊登计划,,http://cdn.517w.com/uploadfile/2019/0408/thumb_20190408063425981.png,永生实验在世界第一研究机构L C 里秘密进行，其计划名为“伊登计划。”,0,,愤怒乐平,,1556012403,0,0,56,2189,1165,,
4,4737,31,吸血鬼邻居,,http://cdn.517w.com/uploadfile/2018/0824/thumb_20180824113629804.jpg,梦中睁眼醒来，出现在城市的万丈高空是什么体验？还有一个帅帅的吸血鬼小哥哥抱着自己天了噜！第二天发现梦中的吸血鬼小哥哥成了自己新邻居？！这么帅的吸血鬼邻居竟然有四个！？自己的闺蜜是千年魔女？！小时候的暗恋对象是千年妖狐？！让我们一起见证一个平凡女高中生世界观的崩塌……,0,,阿柯文化,,1555555035,1,0,57,183677,79828,,
4,4735,31,重生之慕甄,,http://cdn.517w.com/uploadfile/2018/0823/thumb_20180823171458705.jpg,后宫虐恋  她重生了两次，第一世，她看着他与别的女人双宿双飞，郁郁而终，第二世，她拼尽全力、不择手段，只为得到他，最终却被满门抄斩，那么，这一次，她只想离他越远越好……（ps：重生两次是有原因的，会在后面揭开谜底哦）【每周六更新】,1,,阿柯文化,,1555555001,0,5,58,397403,799466,,
4,4560,32,诛仙·御剑行,,http://cdn.517w.com/uploadfile/2018/0606/thumb_20180606104323316.jpg,诛仙故事过去千百年。就在中原修真者即将忘记上古神剑诛仙剑的存在时，一个自小被寄养在“人妖院”的少年——林琰，怀揣着一块发着恶臭的腌泡菜石头，踏上了寻找父亲的旅途。 一路披荆斩棘之下，他结识了人生中两个重要的伙伴，一身正气的端木弘，还有呆萌可爱的朵一。 自此，新的有关于诛仙剑的故事开始了……,2,,完美世界漫画,,1555553685,0,4.3846,59,3932041,3182845,,
4,4771,32,恋爱进行时！,,http://cdn.517w.com/uploadfile/2018/0904/thumb_20180904173026376.jpg,[日更计划]士光和夏灵，一个是社会人，一个是研究生。对于一半迈入社会的两人，全新的同居生活既新鲜也充满未知。,0,,菲洛猫/日更计划,,1555552935,1,5,60,1484341,1218145,,
4,3773,32,穿越效应,,http://cdn.517w.com/uploadfile/2017/0811/thumb_20170811160607886.jpg,"如果能回到过去改变一切，你会怎么做？
所有的事情都有连锁反应",1,,神北克,,1555468227,0,4.7273,61,3329267,1765401,,
4,4934,32,朝九不晚五,,http://cdn.517w.com/uploadfile/2019/0319/thumb_20190319174550174.jpg,在这里，白领没那么白！小资没那么资！文艺青年没那么青年，一群在职场不断挣扎的新手们，如何凭借自己的一股浪劲儿，掀起办公室浪花一朵朵……,0,,英小栎,,1555399011,1,0,62,137310,116319,,
4,4891,31,第五号放映厅,,http://cdn.517w.com/uploadfile/2019/0110/thumb_20190110130219180.jpg,神使和妖灵在这里共处，过去和未来在这里汇聚，这里既可以窥视前世的谜，也可以偷看来生的路，这里是人类的禁地。电影拉开序幕，请入座，审判即将开始。,1,,时光鱼,,1554220803,1,0,63,210144,178007,,
4,4777,31,龙渊,,http://cdn.517w.com/uploadfile/2018/0907/thumb_20180907152642871.jpg,世界上真的有龙吗？营川坠龙的龙骨最终被收藏何地？龙骨密码意欲何为？茫茫白山之中藏着怎样的秘密？消失在历史长河中的墨氏流派修建在史前遗迹上的墨冢到底是抵御还是保卫？传说中的墨藏能否释疑这一切？历史的长河中遗失的一百七十九年到底发生了什么？陆军精锐步兵分队协科考队将逐一揭开那段被人为刻意抹去的历史！小心你的背后！,0,,神居动漫,,1554185781,0,5,64,2279943,1601893,,
4,4613,31,柏岩子的设计日常,,http://cdn.517w.com/uploadfile/2018/0813/thumb_20180813130608590.jpg,柏雨和岩曦两位萌新，从踏入设计事务所的第一天就感觉哪里不对？不着四六的老板，天（奇）赋（形）异（怪）禀（状）的同事，还有镇司神宠超级社会的橘猫？传说中的职场并不是这个样子的好吗！想知道二位萌新在诸位人间极品的花式助攻下，如何剑走偏锋地搞定各位甲方霸霸？《柏岩子的设计日常》每周二周五，20:00准时交图给你好看！QQ交流群：861330730,2,,柏岩文化,,1553502778,1,4.9444,65,1929305,1993776,,
4,4910,32,守梦者,,http://cdn.517w.com/uploadfile/2019/0130/thumb_20190130173258740.jpg,彩虹的尽头有什么？是充满危险？或者藏着宝藏？不，彩虹的尽头是另一个世界——虹世界。那是一片光怪陆离的天地，储存着所有人的想象力、梦想与希望。为了守护人类的梦想，为了防止虹世界的崩溃，一群活跃于虹世界与现世界的人类出现了。他们被称为——守梦者。,1,,便利店的熊&玉米,,1552060809,0,5,66,151439,146006,,
4,4857,32,化身,,http://cdn.517w.com/uploadfile/2018/1128/thumb_20181128175834440.jpg,NASA的卫星传回的一张外星照片上惊现一个人形身影。与此同时，德克萨斯荒漠中的小镇来了两位不速之客。一名失踪多年的英国人看似虚弱，不料竟变身为强壮凶猛的怪物，而一个亚洲少年竟赤手空拳与之搏斗。他们，究竟是什么人，从哪里来？,2,,李建,,1551801617,0,5,67,1090520,955390,,
4,4911,32,吾主在此,,http://cdn.517w.com/uploadfile/2019/0130/thumb_20190130173844498.jpg,这个世界上有三个能够使用魔力的种族，人类，日行的光明生物“白种”和夜行的黑暗生物“黑种”。一部分拥有魔力的人类可以成为魔法使，驱使与其签下契约的黑白种。女主弗莱雅被称为黑暗太阳女神，属于黑暗生物却以同族为食，两百年前被一人类魔法师封印在书里。男主泰勒是光明使世家的独子，在一次母亲安排的试炼中……,1,,贝尔,,1551715218,0,5,68,279595,256940,,
4,4822,32,奥兹,,http://cdn.517w.com/uploadfile/2018/1101/thumb_20181101230831713.jpg,这是一个女巫占据主导地位的世界——她们既可以是英雄，也可以是恶人。在1000年前，世界面临陨石浩劫濒临毁灭之际，一名女巫以自身为代价拯救了世界！而后人为纪念她，尊称她为“奥兹”，意为最伟大的魔法师。夏蒲——梦想成为“奥兹”的新手女巫，正准备开始她的冒险！,10,,ALEx,,1551456000,1,0,69,106863,52037,,
4,4844,32,飞篮 FLYING ERA,,http://cdn.517w.com/uploadfile/2018/1120/thumb_20181120115549129.jpg,从千里迢迢的美国转校回来的龙雨，在校内巧遇新上任的美女篮球教练侯萧华。在他们眼前的是一支已然支离破碎，并且还是北国高中有史以来表现最差的男子篮球队，龙雨和侯萧华将为它注入生的希望，还是……有关篮球的青春故事即将围绕北国高中男篮展开！,1,,李建,,1551456000,0,5,70,168553,91013,,
4,4847,32,人生九类迹行,,http://cdn.517w.com/uploadfile/2018/1120/thumb_20181120170006569.jpg,大约在七年前，我意外地来到了这个奇怪的世界，但是后来发现，这个世界除了人脸，文字，还有一些其他的东西倒过来了意外，并没什么可怕的。但是渐渐的，我发现各种奇怪的事发生了……,1,,王王阿冬,,1551456000,0,5,71,174722,123716,,
4,4766,32,天坑鹰猎,,http://cdn.517w.com/uploadfile/2018/0831/thumb_20180831163931670.jpg,地质专家陆老师突然发狂伤人，其徒弟北京少年张保庆远赴东北寻求解药。在鹰屯姐弟菜瓜、二鼻子帮助下，三少年和地质队深入天坑，重重破局终获解药，解救恩师。,1,,深圳素心人漫画工作室,,1551409527,1,0,72,122783,72192,,
4,4845,32,大侦探福尔马林,,http://cdn.517w.com/uploadfile/2018/1120/thumb_20181120165607365.jpg,天才大侦探福尔马林，虽是丧尸，但智商一点也不比单细胞生物低！和普通丧尸不同，福尔马林通过换脑就能获得不同能力，随时变身古今中外各行强者！可谓是“没有解决不了的难题，只有买不 到的大脑！”如此强大的福尔马林没有骄傲自满，为了正义与真相还有房租，他决意粉碎一切罪 恶，破解所有的诡计。,2,,周烈焚&易飘扬,,1551369607,0,5,73,599388,516023,,
4,4846,32,开元符澈记,,http://cdn.517w.com/uploadfile/2018/1120/thumb_20181120165815442.jpg,一个唐代人误打误撞穿越时空来到现代，为未来人掌握闯越时空的虫洞入口提供了契机。然而由于技术限制，未来人只能单向穿越到唐代，再也不能反向穿越回来。唐代开元，为了专门管理从未来穿梭而来人员，朝廷特设了“符澈司”……,1,,蛙那,,1551369607,0,0,74,129748,62071,,
4,4454,32,三十六骑,,http://cdn.517w.com/uploadfile/2018/0614/20180614050224643.jpg,天赋异禀的少年班超一直噩梦缠身，与同样为梦境所惑的当朝天子心有灵犀，于是网罗了能人异士三十六人奉王命西征，波澜壮阔的西域征途就此开始，命运与预言究竟指向何方？噼咔噼最新力作！,7,,噼咔噼×念远怀人,,1551082169,1,4.8884,75,140784621,90462848,,
4,4811,32,暴走怪谈之诡闻奇案,,http://cdn.517w.com/uploadfile/2019/0108/thumb_20190108142648291.jpg,胡志安是一名调查官，在调查一起恶灵案件时，意外发现其背后隐藏着巨大阴谋，也由此引出一连串闻所未闻的灵异怪案。随着案件真相层层剥开，幕后的神秘人也浮出水面。。,2,,暴走漫画,,1550459461,0,4.5455,76,2347603,2727589,,
4,3900,31,夺命粉丝线,,http://cdn.517w.com/uploadfile/2017/0915/thumb_20170915160922935.jpg,"小青很羡慕灵异菌拥有那么多的粉丝，希望自己也能成为这样一个微博大V。有天晚上小青接到了一个奇怪的电话，电话中告诉小青成了‘灵异博主’的新主人，小青必须更新微博维持灵异微博的粉丝，如果粉丝数每减少一定数量，小青就会受到恐怖的惩罚。花季少女惨遭微博毁容？校园暴力主导者竟因微博丧命！
夺命粉丝线qq群：529234048",0,,主笔：AK47 编剧：棱度桑,,1550122582,0,3.6667,77,513971,260829,,
4,1378,31,Lily,,http://cdn.517w.com/uploadfile/2017/1214/20171214033751797.jpg,我喜欢的那个人，刚好是她……lily粉丝群号：571810715,8,,噼咔噼,,1550106013,0,4.935,78,1544417888,3535485932,,
4,4767,32,魔盗白骨衣,,http://cdn.517w.com/uploadfile/2018/0903/thumb_20180903111418595.jpg,阿里文学同名小说改编。一个患有心碎症，不能习武的少年，注定不能活过二十五岁，在江湖销声匿迹十载后重回京都，夜晚卸下伪装，披上月白战甲，化身白骨衣等待着他的究竟是…… 周二周五双更 QQ群号646609891 欢迎加入！,3,,阿柯文化,,1550040948,1,0,79,1806124,1680486,,
4,4900,31,世纪末的礼物,,http://cdn.517w.com/uploadfile/2019/0122/thumb_20190122160751795.jpg,30世纪末，新材料的发现使得科技飞速发展，正当人类享受着由科技时代带来了便捷的生活时，一则预言打破了这安定，“世纪末的大灾难”——人们这样称呼。,0,,沨,,1549964577,1,0,80,172135,147392,,
4,4896,31,陛下从了我,,http://cdn.517w.com/uploadfile/2019/0116/thumb_20190116135708842.jpg,一位在乱世中横扫八荒统一六合的至高君王，一觉醒来发现自己穿越成了一位在深宫中伪装成女子以求自保的皇子。不堪忍受这等懦弱的伪装，这位君王决心再一次登上那最高之位。然而这宫中阴谋阳谋繁多，人心杂乱，一心只有天下的王之前御下的手段似乎已经有所过时？而公主的身份更是产生了种种误会？一系列啼笑皆非的“宫斗”即将在“昭殷”展开。,0,,简微玲,,1549960865,0,5,81,310639,197916,,
4,3391,32,破梦游戏,,http://cdn.517w.com/uploadfile/2018/0703/thumb_20180703105111341.jpg,【微博@破梦游戏，粉丝①群590712618】女大学生江函误入不醒城，被全世界通缉，一路升级打怪，化身霹雳女战士。清纯萌呆天才少女，火辣性感偶像杀手，两款女神生死PK，你想谁赢？,1,,吟谷传媒,,1549940750,0,4.3529,82,104463539,33036562,,
4,4841,32,噩梦,,http://cdn.517w.com/uploadfile/2018/1114/thumb_20181114182057997.jpg,于路有操控梦境的能力，但他的这个能力渐渐消失了，还突然进入一个有很多怪物的噩梦中。有一次他进入噩梦中挣扎时将母亲弄伤。醒来后于路陷入了生存危机，想要结束自己的生命。他打算跳下盘山公路，却连累了女孩黎晶晶和他一起掉入噩梦。他们在噩梦中展开了冒险。,0,,RC,,1548950402,0,0,83,26467,14038,,
4,4600,31,时间海,,http://cdn.517w.com/uploadfile/2018/0621/thumb_20180621234223223.jpg,"知名小说《时间海》授权改编漫画作品。
你以为那是历史必然，其实是我们创造了历史。
周更，每周六更新！各位小伙伴请继续关注和支持我们！
时间海粉丝群：795987910 关注微博/微信：河鲀漫画",0,,河鲀漫画,,1548471606,0,4.7436,84,2828387,2498825,,
4,4853,31,涅槃之凤颜临歌,,http://cdn.517w.com/uploadfile/2018/1122/thumb_20181122152948675.jpg,前世，她倾覆一生助他登上皇位，却换来满门抄斩，永禁冷宫。 今世，她重回豆蔻年华，定要让他血债血偿！本以为对情爱之事早已经坦然，但不想有那么一个人，恰如其分地出现在她的生活里，让她甘心被这份爱赤诚的交上。,0,,惊奇大地,,1548471246,1,5,85,943260,816654,,
4,4883,31,云老说,,http://cdn.517w.com/uploadfile/2019/0104/thumb_20190104115200207.jpg,久与世隔绝的海岛上有一个名为“云山海村”的村落，有着肥沃的土壤，丰富的农作物，常年不败的桃花林，鲜美芳草落英缤纷，良田美池桑竹皆有，实在隐居的好去处。一场关于相遇与相知，健康与滋补故事，从此拉开序幕。,0,,云山海集,,1548147207,1,0,86,50745,28782,,
4,4742,31,晚上才是女孩子,,http://cdn.517w.com/uploadfile/2018/0827/thumb_20180827115527111.jpg,（每周五更新）深夜下班回家的路上，竟然遇到了可爱的女孩子！不同于常人的警觉心让他决定不予理会。没想到，在对方猛烈进攻之下，两人的关系竟然越来越微妙……Q群397446074欢迎大家加入畅聊,0,,阿柯文化,,1548049072,1,3,87,341285,268737,,
4,4740,31,蛇蝎不好惹：弃后也妖娆,,http://cdn.517w.com/uploadfile/2018/0824/thumb_20180824142038178.jpg,一代皇后，不得皇上喜爱~女儿出世，带来的却是死亡    打入冷宫，痛失爱女，被废后位…… “既然世界和我作对！那我便化身蛇蝎，为女儿复仇！！” 不甘命运决心拯救自己   这场游戏刚刚开始 （交流群号：477963817）,1,,阿柯文化,,1548048509,1,5,88,379493,526405,,
4,4542,31,旷野之境·消失的流沙,,http://cdn.517w.com/uploadfile/2018/0607/thumb_20180607113516447.jpg,“旷野之境”是每个人的意识之地，极少数人可进入其中，身世成谜的心理咨询师张醒墨就是其中一个。一个女孩的离奇失踪使他彻底卷入了一场扑朔迷离的死亡事件中，婚期将近的女孩是妄想症还是被人蓄意跟踪？跟踪狂的执着，原生家庭的压抑，爱情的迷惘，谁困在谁的局中？背后的真相潜藏在旷野之境中……,1,,观池跨次元,,1548039969,1,4.8947,89,1521419,1821337,,
4,4744,31,豪门小冤家,,http://cdn.517w.com/uploadfile/2018/0824/thumb_20180824144305709.jpg,母亲为救一个陌生人丧命，被救之人竟然是韩氏董事长！成为孤儿的聂筱筱被接入豪门成为韩氏养女，没想到进门第一天就受到韩家少爷韩逸阳的百般刁难！上天，你为什么对我如此不公，夺走我的父母，还让我遇上这么一个冤家！上天：这个冤家，可能是我派来给你幸福的呀~,1,,阿柯文化,,1548037289,1,0,90,244770,152885,,
4,3558,31,非人哉,,http://cdn.517w.com/uploadfile/2017/0831/20170831112654715.jpg,建国前成精的妖怪，建国后也要与时俱进才行~,4,,一汪空气,,1547693164,1,4.9641,91,167178557,84140688,,
4,4739,31,如果从没爱过你,,http://cdn.517w.com/uploadfile/2018/0824/thumb_20180824115103789.jpg,3年冷漠与无视。当陆云湛知道，自己欺负的女人竟是儿时最爱的她时。言小安已经走了，带着肚子中的孩子和受尽的屈辱       (改编自小说：如果从没爱过你。Q群617501540欢迎大家加入),2,,阿柯文化,,1547530563,1,5,92,2052685,3907982,,
4,4872,31,花仙莫尼,,http://cdn.517w.com/uploadfile/2018/1211/thumb_20181211162119327.jpg,这是一个花香四溢，即健康又美丽的故事，这也是关于那个温柔又强大的女孩——莫尼的故事。,0,,酷动像,,1546988402,1,5,93,658292,501424,,
4,338,32,超脑洞,,http://cdn.517w.com/uploadfile/2017/0831/20170831064510500.jpg,"幻想与狂想，脑洞与无畏，作画与涂鸦，说到底这漫画有人看没人管。
粉丝群四群：85779511",0,,孙渣,,1546835786,0,4.9132,94,280276997,248857385,,
4,4122,31,山海无极,,http://cdn.517w.com/uploadfile/2017/1220/thumb_20171220133727377.jpg,【万画筒漫画出品】【每周四、每周日更新】一位背负着家族血海深仇的灵族亡国公主准备孤身一人夺回属于自己的国家。在复仇过程中这位公主邂逅了一群值得托付一切的伙伴，正当他们即将成功之际，一百年前圣战中埋下的阴谋浮现在众人的面前，在国仇家恨与拯救世界前面，年轻的公主最终将如何选择。,2,,万画筒漫画,,1546495120,0,5,95,1119972,592731,,
4,2954,32,妹妹消失的第一百天,,http://cdn.517w.com/uploadfile/2017/0103/thumb_20170103162048393.jpg,"又名《杀死妹妹的第一百天》我将我的妹妹杀掉了,并且通过完美的嫁祸手法逃脱了罪名。就在妹妹死亡后的第一百天,奇怪的事情发生了…… 粉丝交流群362246290 ",1,,猫爪R,,1546487389,1,4.6853,96,7019967,2802057,,
4,2534,32,魔王全书,,http://cdn.517w.com/uploadfile/2018/0710/thumb_20180710153614105.jpg,"十五年前，人类至敌魔王梅菲斯特被HERO所消灭，持续了千年的种族之战落下了帷幕。随着魔王的逝去，作为魔族之王象征——《魔王全书》也下落不明。
普通的人类少年小焱，憧憬着HERO但因种种原因一直逃避自己的内心  直到遇上失踪已久的《魔王全书》，小焱被卷入了新一轮魔王与HERO的宿命之争！手持魔王之证，心怀HERO之梦，小焱该如何是好？",0,,核燃黑猫/日更计划,,1546075140,0,5,97,607185,220126,,
4,1966,32,超西游,,http://cdn.517w.com/uploadfile/2017/0831/20170831054802869.jpg,"不一样的西游，不一样的大圣，开启浩大的西游新篇章
超西游读者群号：347222848",0,,纳川,,1545294848,0,4.7821,98,1047222937,519057207,,
4,4609,32,妖道至尊,,http://cdn.517w.com/uploadfile/2018/0626/thumb_20180626180622459.jpg,涅槃重生，妖皇再现！一个傻子驸马，摇身成为妖皇，妖诀，元诀双修，妖凛天下！踩小人，招小弟，揽美人，成就最强妖道之路！,2,,乐游映画,,1544607777,0,5,99,351036,193363,,
4,3473,32,片儿区战警,,http://cdn.517w.com/uploadfile/2017/0831/20170831110154630.jpg,这是个小警察的闹腾故事~,1,,使徒子/shishio,,1544414361,1,4.8649,100,5082000,3958784,,
4,4555,32,梦塔·雪谜城,,http://cdn.517w.com/uploadfile/2018/0601/thumb_20180601155531199.jpg,西山居原创3D动画《梦塔·雪谜城》同名漫画，每周五动画、漫画更新，欢迎观看~,1,,蓝诺、若秋,,1544409076,0,5,101,2078953,2128466,,
4,19,31,星梦偶像计划,,http://cdn.517w.com/uploadfile/2017/0901/20170901105018521.jpg,"前天后的女儿为帮母亲恢复名誉，变装参加选秀，却必须与童年挚友成为竞争对手！
星梦官方群630421592，欢迎大家加入~",1,,烟头hstone×白熊,,1544069903,0,4.9058,102,1026466073,1162484899,,
4,4793,31,思凡的和尚与修仙的魔王,,http://cdn.517w.com/uploadfile/2018/0927/thumb_20180927163348880.jpg,"从前有座山，山里有座庙，庙里的和尚每天思凡唱戏斗蛐蛐羡鸳
鸯。隔壁也有座山，山里有个教，教里的魔王每天种花养鱼修仙当贤
良。当他们相遇，什么鸳鸯什么仙，都不如两人日常让人羡",0,,欧啦漫画,,1543980864,1,4.8,103,926743,841023,,
4,1217,32,最后的召唤师,,http://cdn.517w.com/uploadfile/2017/0912/thumb_20170912134509606.jpg,"女神潘朵拉是万物之灵的本原，漫长的岁月里里，无数次战争围绕她进行着。最终，潘朵拉被一众出色的召唤师成功封印。
万物有灵。能够召唤万物之灵的人，被称为召唤师。自古以来，召唤师的传说深藏在每一段历史当中，召唤泥土，召唤枯骨，召唤灵魂，召唤星辰……但传说终究是传说，它总有一天会被时间封印，被世人遗忘……
现在，新的时代降临，召唤师，觉醒！",3,,ASK STUDIO,,1543885205,0,4.8006,104,3031268283,696997696,,
4,4136,33,学长纪要,,http://cdn.517w.com/uploadfile/2018/1027/thumb_20181027123450478.jpg,辰越是D大备受瞩目的新生，一次意外的机会，他和学长楚风意相遇了。从此开始了欢脱轻松的大学生活。,0,,数学君死的悲惨,,1543579214,1,4.8947,105,2143031,1691535,,
4,4835,32,有猫病,,http://cdn.517w.com/uploadfile/2018/1110/thumb_20181110232524732.jpg,天天发明奇怪东西的死宅工程师？还有开朗乐天派的圣母小记者？千奇百怪的有趣发明，超高能的清奇脑洞~ 什么？治感冒还有这种方法，太阳和月亮竟然都是假的，可以把意识上传的游戏世界，还有写上情侣名字就会分手的笔记本？？……超乎想象的高科技加又萌又丧有时会有点污的有趣日常，快来看看这个“有猫病”的世界吧~,0,,禾糖禾酸,,1543470828,1,0,106,3184,1412,,
4,69,33,千面男友,,http://cdn.517w.com/uploadfile/2018/0615/20180615111300289.jpg,交往多年的男友局晓华居然曾经是个男优！？没脸没皮没心没肺的他凭着盛世美颜踏入演艺圈欲追回自己女友，却引起一众追求，但结果究竟如何呢……,1,,猫哭无声,,1543463415,0,4.8644,107,376176046,331393647,,
4,4842,31,霉神驾到,,http://cdn.517w.com/uploadfile/2018/1115/thumb_20181115155308831.png,我叫唐小菲，是个品学兼优热爱运动的少女。直到有一天…该死的霉神！走开啦！,0,,知谦动漫,,1543420816,1,5,108,364966,266866,,
4,2204,32,超骑士剑魂,,http://cdn.517w.com/uploadfile/2017/0831/20170831051458889.jpg,废柴少年徐凉今，阴差阳错来到了神秘星球圣疆星。从此，改写了他全部的人生。在结识四位性格、特长各异的女骑士——猫骑士连翘、鱼骑士橙昇、熊骑士萧宝、翼骑士浪习后，加入了她们的战斗队伍，经历了一系列生死相依的战斗、危机四伏的陷阱、同伴的叛变……故事的最后，每个人的下场都不一样，何去何从，只有交给命运的安排了。,2,,外歪同学/紫堇轩,,1543388402,0,4.717,109,237665299,113302075,,
4,3126,32,管与少年说,,http://cdn.517w.com/uploadfile/2018/0606/thumb_20180606175720565.jpg,一辈子没有女朋友是怎样的体验？终日与管子相伴是怎样的体验？用白浊浇了妹子一脸是怎样的体验？和各类变态交流对打是怎样的体验？谢邀，以上问题本故事内均有答案~顺便Q群128486899欢迎来玩~来愉悦的交流不可描述的话题吧~,1,,常盘勇者,,1543224225,0,4.7251,110,65450144,30898761,,
4,4510,31,极道校园,,http://cdn.517w.com/uploadfile/2018/0821/thumb_20180821175445139.jpg,父亲离奇失踪，女主潜入惊险异常的极道校园寻求真相。竟然遇到从天而降的钢铁直男“未婚夫”！温柔腹黑的男神向女主告白，真实身份竟是未婚夫的亲弟弟？爱情突然遇到转角，是选他还是选他？,1,,奇月星空,,1542968199,0,4.6667,111,3947563,4723789,,
4,1320,32,李泰和方小甜的平行世界,,http://cdn.517w.com/uploadfile/2018/0314/thumb_20180314115428713.jpg,自来水之污《记忆U盘》动画每周四全网更新。细思极恐，精污慎入！作者微博“潇潇潇潇如”，微信“潇如文化”。,1,,潇如文化,,1542966816,0,4.7622,112,70948265,23737299,,
4,1840,32,灯小默,,http://cdn.517w.com/uploadfile/2016/0619/thumb_20160619013806850.jpg,不知哪一天开始，我的世界就完全崩坏。一直在意义不明的人生里挣扎着寻求活下去的意义，每一次每一次都在思考着，需要拥有怎样的信念才能在扭曲的世界活下去，思考要怎么做才能算是真正活着      ,0,,漫零途,,1542792972,0,4.8333,113,43083,49551,,
4,3307,32,亡伶戲,,http://cdn.517w.com/uploadfile/2018/0904/thumb_20180904104517373.jpg,故事从一个被火焰包围的戏台开始，无奈悔恨的她在唱完人生最后一场京剧之后，留下复仇的宣言便葬身火海，于此同时，其中几人的命运开始互相牵绊。10年之后，一个穿着京剧戏服的僵尸杀人团队出现在众人的视线里，掀起了一番腥风血雨，这一切究竟与她有什么关联……,0,,SRX,,1542698365,0,5,114,1015788,592200,,
4,3967,31,才不是春秋战国,,http://cdn.517w.com/uploadfile/2017/1016/thumb_20171016125358626.jpg,越国公司和吴国公司，是一家写字楼里紧邻的公司，属于竞争关系。吴国公司正在强势之中，拼命打压越国公司，越国公司处于生死存亡的关键时刻。范蠡想帮助勾践打翻身仗，请来了美女西施到吴国公司做秘书卧底，周旋于吴越之间……一场公司之间你死我活、尔虞我诈、热闹搞笑的职场故事，即将开场。,7,,A4漫业-燃烧的羊咩咩,,1542620756,1,4.7143,115,6337951,4675356,,
4,4467,31,史上最强帝后,,http://cdn.517w.com/uploadfile/2018/0503/thumb_20180503151945836.jpg,穿越到帝后大婚之夜，苏伶婉一拳KO了骑在自己身上的男人，成就了大周史上第一位大婚之夜被贬入冷宫的皇后娘娘！纳尼？她除了打了皇上，还逃婚？不好意思，她失忆了！可是皇上大人却不肯放过失忆的她，这没事来蹂躏一下她，算几个意思？【每周三、周五更新，粉丝群：757200454】,2,,趣看漫画,,1542124870,1,4.7917,116,5946120,4427021,,
4,4648,31,天乩之白蛇传说,,http://cdn.517w.com/uploadfile/2018/0713/thumb_20180713112706377.jpg,前世上神紫宣为救白夭夭魂飞魄散，转世后的药师宫宫上许宣重遇白夭夭，冥冥之中一股力量牵引着他们。这场人与妖的相恋，究竟能不能突破重重阻碍？周二周五锁定漫画《天乩之白蛇传说》！,2,,追梦动漫,,1541746074,1,3.5714,117,2245715,2046448,,
4,2014,32,魔法婚约,,http://cdn.517w.com/uploadfile/2016/0804/thumb_20160804162355761.jpg,传说自古以来，魔女就是恶魔的妻子，魔女藉此得到恶魔的力量，恶魔也得以壮大家族，因此越强的魔女，越会受到众多魔族的追求。而在魔界中，最强大、最受欢迎的魔女家族，其名为   维拉多那,0,,不理不理/日更计划,,1541669124,0,4.7941,118,2758190,1039683,,
4,2018,31,我是独角兽,,http://cdn.517w.com/uploadfile/2016/0912/thumb_20160912174749727.jpg,「独角兽」传说是种优雅又美丽的动物，没有人知道它住在哪，也不知道该去哪才找得到。但很幸运的是，我在偶然的机缘下与独角兽相遇了。,0,,澈总/日更计划,,1541580469,0,4.9184,119,1587535,824151,,
4,3821,31,爱情故事不好说,,http://cdn.517w.com/uploadfile/2017/0826/thumb_20170826172104539.jpg,"[日更计划X爱尼曼]日更大学资图系一年级新生?周以芙，因为太爱看书不擅交际，也交不到朋友。
某次社团招生活动，她意外遇见「BL综合文学研究社」社长?高振宇。为了拯救社团危机，高振宇学长对以芙使出猛烈的重口味推坑攻击！
周以芙是否能全身而退？亦或是从此之后将一脚踏进未知的BL领域……",0,,秋橙/日更计划,,1541405882,0,5,120,214902,138909,,
4,2013,32,龙朝大都,,http://cdn.517w.com/uploadfile/2017/0623/thumb_20170623181958921.jpg,在这里，黑暗掩蔽了光明，痛苦腐朽了希望，这座城市，正在慢慢地迈向灭亡   这里是，龙朝大都。,0,,BARZ Jr.／日更计划,,1541384922,0,5,121,3076916,1285958,,
4,2057,32,天梯劝降学园,,http://cdn.517w.com/uploadfile/2018/0508/thumb_20180508134022489.jpg,全世界唯一的「异能的开发与使用」的学园，唯有「天梯30名以内」的学生才拥有毕业及在社会上使用自己异能的资格，10%的胜者与90%的奴隶，你   会是哪一个？,0,,Makxma/日更计划,,1541384570,0,4.6842,122,2788798,1086801,,
4,3818,32,竞技场之王,,http://cdn.517w.com/uploadfile/2017/0825/thumb_20170825153449111.jpg,"[日更计划X爱尼曼]竞技场。战士们的大活跃场所。在无数斗士在流血搏斗的竞技场中，初出茅庐年轻的斗士「罗格」，呆呆地站在竞技场。不知道为什么，罗格碰上的对手，每个都因为自己的弱点自爆。让明明什么都没有做的罗格，战绩扶摇直上…
无敌的罗格！荣耀的罗格！搞笑的罗格！
史上初．竞技场的欢乐四格漫画！",0,,元庆/日更计划,,1540798043,0,0,123,182807,81723,,
4,2328,31,Lala,,http://cdn.517w.com/uploadfile/2019/0524/20190524044640511.jpg,Lily姐妹篇~平行时间中 另一个甜蜜故事~,4,,噼咔噼,,1540602009,1,4.9218,124,253493339,269186813,,
4,4479,32,西行乘风录,,http://cdn.517w.com/uploadfile/2018/0508/thumb_20180508212857842.png,"【每周五更新】富家少爷毅然抛弃家业西行寻找传说中的“聚宝盆”，不料却遇上几个漂亮的女山贼！本想在商界干出一番事业的他误上贼船，开启了一场啼笑皆非的航海之旅！西行吧,骚年~",1,,小明太极,,1540547692,0,2.25,125,607149,384592,,
4,3245,32,熊猫侠齐天,,http://cdn.517w.com/uploadfile/2017/1114/thumb_20171114143937566.jpg,一个出生不明的孤儿，却天赋异禀，深藏天选血脉。一页古文残书，却蕴含着宇宙最大的秘密，引来各方争夺。一座可以升级的城市，背后却是一个惊天阴谋！看似平凡的少年，却拥有着不平凡的使命和巨大的能量，穿越星际无边，横扫八荒六合，中国超级英雄拯救世界的传奇之路，就从这里开始，宇宙间最大的秘密，即将拉开神秘面纱！,1,,极品猪妖,,1540546604,0,4,126,1355784,770503,,
4,3501,32,影子猫,,http://cdn.517w.com/uploadfile/2017/0531/thumb_20170531092546761.jpg,这是一只猫带着一只狗转徙于七亿两千万个世界中的大冒险。这是一场关于光明与黑暗，力量与稳定，自由与克制的大讨论。这是一个热血，呆萌，搞笑，科幻，魔幻，玄幻，傻傻分不清楚的长长的故事。这是属于影子猫的传说。,1,,影子猫漫画,,1540542354,0,4.7692,127,1344881,512467,,
4,4642,31,索菲的中美游记,,http://cdn.517w.com/uploadfile/2018/0711/thumb_20180711001121292.jpg,经济萧条后的1930年代，年轻的索菲和父亲海因里希踏上了美洲的旅行。在旅行中，她得知了300年前追寻秘宝而消失的西班牙人的消息。在知情人的帮助下，她一步一步的了解了西班牙人追寻的秘宝的事实，同时邂逅了西班牙人的幽灵——托莱多的贵族唐 米格尔 佩拉约。在和米格尔的相遇相知中，索菲渐渐得知了自己失去的记忆，以及300年前的真相……,0,,传说中的绿蒂,,1540541189,0,5,128,817293,469333,,
4,8,32,迷域行者,,http://cdn.517w.com/uploadfile/2017/1016/thumb_20171016110954261.jpg,从梦中醒来的宁远，发现自己被关入死牢，除了不断靠近的钉板墙和同囚的女性，他一无所知。好不容易逃离死牢的他发现自己被送到了迷域之中的杀戮游戏中，要如何才能逃离迷域，逃离这个死亡游戏？官方粉丝群号：159756318,7,,七月初七&廿一,,1539912615,0,4.9259,129,757696113,1412296634,,
4,3888,32,逆转杀女,,http://cdn.517w.com/uploadfile/2017/1016/thumb_20171016125239855.jpg,超级杀手洛恩在一次任务受到陷害，无故与中二萝莉莉莎互换了身体，而幕后黑手正是与自己竞争杀手组织首领的二哥班尼。在家族被班尼掌控后，洛恩不得不与莉莎联合，开启了大叔？萝莉？的神奇组合……,2,,A4漫业/绘制：饼函,,1539750972,0,4.7903,130,109811989,69550409,,
4,2061,32,拳下俘虏,,http://cdn.517w.com/uploadfile/2017/0125/thumb_20170125224941797.jpg,在一个充满犯罪的城市中，有一只神秘的吉祥物，出现在警察杰克的眼前    并挥下正义的铁拳制裁横行的恶魔！精彩刺激的美式除魔活剧，就此开幕！,0,,B.LEON/日更计划,,1539683268,0,5,131,1012996,340640,,
4,1433,32,恶魔大楼,,http://cdn.517w.com/uploadfile/2017/0830/thumb_20170830170234273.jpg,到了魔界的人类是恶魔欢愉的道具，要在恶魔设计出来的游戏规则中战胜竞争者，自私的活下去么？,3,,混沌工作室,,1539569383,0,4.8934,132,241432743,126680995,,
4,1847,32,蒸汽世界,,http://cdn.517w.com/uploadfile/2018/0606/thumb_20180606145701523.jpg,漫画在此平台将不再连载，追更请前往网易漫画和腾讯漫画。,0,,毛小姐,,1539328719,0,4.3333,133,581081,234650,,
4,4451,32,武林之王的退隐生活,,http://cdn.517w.com/uploadfile/2018/0427/thumb_20180427134507538.jpg,"今天开始，我退隐了。 但是我该做什么呢……我既没有一技之长，也没有做生意的头脑，我唯一擅长的就只有打遍天下无敌手而已。 真苦恼啊……
更新时间：每周五，本漫画由SF轻小说《武林之王的退隐生活》改编",1,,SF轻小说/合火人工作室,,1539327321,0,4.8082,134,7682196,6172258,,
4,640,31,我家大师兄脑子有坑,,http://cdn.517w.com/uploadfile/2017/0901/20170901112835823.jpg,"逍遥门大师兄东方纤云，风流倜傥，玉树临风。作为一个穿越者，他凭借自己的聪慧在第一时间确认了自己的设定，尼玛完全不是主角啊！！？？人在江湖，保命要紧，大师兄迅速确立了找到主角、抱紧大腿的穿越生存路线。？？然而在他的师弟们看来……我家大师兄脑子有坑！
北京剧角映画文化传媒有限公司（Magilm Pictures）——【传递电影价值（Deliver Your Value）】",2,,剧象漫画,,1539327106,1,4.916,135,114680795,47380161,,
4,4595,32,妖模记,,http://cdn.517w.com/uploadfile/2018/0620/thumb_20180620155450143.jpg,因被人陷害，而事业上跌落谷底的女设计师碰上了与时尚完全不搭边的程序猿男主，两个本没有交集的人因为一场时装秀而被紧密地结合在了一起。在相互成就的同时，两颗心也渐渐依偎在了一起,0,,Peach曲,,1539325890,1,1,136,329942,238237,,
4,2733,32,我是高富帅,,http://cdn.517w.com/uploadfile/2018/0404/thumb_20180404124105566.jpg,我姓高，名叫富帅，单身。不知道是不是老爸老妈当年有先见之明竟然给我取了这么个惊世骇俗的名字。但事实上，高我沾不上边，勉强175cm；富那就纯粹是扯淡了，如今苹果手机满大街泛滥，我依旧坚守我的黑白诺基亚岿然不动。帅嘛……我们还是来谈谈“高”和“富”的事情吧？*每周四更新 *新浪@我是高富帅漫画官博*QQ粉丝群： 512714549,1,,SF轻小说,,1539247531,1,4.6019,137,7706885,3372444,,
4,3102,32,这个QQ群绝逼有毒,,http://cdn.517w.com/uploadfile/2017/0215/thumb_20170215134105989.jpg,这一切都要从我们下流、无耻、不要脸、三观全歪、演技堪比奥斯卡影帝的主角下载了一个“QQ8 2绿色免安装版”说起。从那以后（他 她）的人生就更加不平凡了，当然，这不是送外挂，而是送她去暗世界给开挂人士殴打。 在暗世界哪怕仅仅玩躲猫猫这种游戏也是会死人的   *每周四更新 *新浪@这个QQ群绝逼有毒漫画 *QQ粉丝群：333165515,1,,SF轻小说,,1539243060,0,4.5625,138,3116792,1395400,,
4,2387,32,因为我是开武器店的大叔,,http://cdn.517w.com/uploadfile/2016/0930/thumb_20160930145336723.jpg,改编自SF轻小说《因为我是开武器店的大叔》。对魔王与勇者的故事丝毫不感冒的斋和，意外转生到了这样的世界里，独自在异世界经营着武器店，扮演着类似NPC的角色。然而在偶然的时间偶然的地点，他却偶然地收留了身为魔族的幼女伊兰。 既然有想要保护的人，就再试着去努力一下吧。 成熟可靠的武器店大叔与胆小怕生的魔族萝莉，冒险的物语正式开启——,0,,SF轻小说,,1539158563,0,4.9065,139,7817882,5339374,,
4,2663,32,超三国,,http://cdn.517w.com/uploadfile/2019/0524/20190524050412860.jpg,"男人最伟大的梦想是什么？身家亿万？赢取白肥美？都不对！
而是世界上只有自己一个男人！原来我是这世界上唯一的男人！",0,,武吉动漫,,1539100800,0,4.718,140,578114690,393483317,,
4,2996,32,英雄？我早就不当了,,http://cdn.517w.com/uploadfile/2017/0110/thumb_20170110113813884.jpg,"*更新时间：每周二(￣Д￣) ～～～ 
*原著信息：本漫画由SF轻小说《英雄？我早就不当了》改编～～～
*官方微博：英雄我早就不当了
*官方粉丝群： 579785208 英雄，我早就不当了
 更多内♂幕请移步微博，聊天灌水催更欢迎进群~小伙伴们快来玩耍吧(?ω?)ノ*每周二更新 *新浪@英雄我早就不当了 *QQ粉丝群：615162106",1,,SF轻小说,,1539067403,0,4.8214,141,8876341,3686091,,
4,3767,32,义变Ⅱ,,http://cdn.517w.com/uploadfile/2017/0809/thumb_20170809122228369.jpg,2019年，地球突遭危难，仅剩部分人类苟延残喘。聚集了各种奇能异士的神秘组织“天狮“，以及隐藏于城市间的邪恶势力共同操控着世界的秩序。被囚禁在秘密实验室的神秘少年格利泽和身世离奇的天才少女诸葛夭夭等人被卷入一个个阴谋之中，成为主宰人类未来的关键……,1,,刘晨华,,1538988596,0,0,142,318553,142225,,
4,1009,32,失业偶像,,http://cdn.517w.com/uploadfile/2018/0623/thumb_20180623174854391.png,两个30岁的可爱的男孩子因为失业，没有社会工作经验，不得不成为偶像的故事～,1,,蛆虫音POI,,1538448932,0,4.6629,143,5073765,1640537,,
4,2296,31,我家有只小龙猫,,http://cdn.517w.com/uploadfile/2018/0227/thumb_20180227080156526.jpg,作者大大和小龙猫的生活日常，还有小龙猫的知识漫画哟~切克闹~,0,,韩子获,,1538388007,1,4.7684,144,484912,224564,,
4,1396,31,琴思,,http://cdn.517w.com/uploadfile/2016/0323/thumb_20160323111114561.jpg,居住在云河九界的小仙花萸为寻找在人间历劫的爱慕之人，洗去仙骨堕入人间。与爱慕之人从故人的相见不相识到相识相知，再到相忘于江湖——最后的穷途，琴声想起的那一刻，那张冰山脸能否感应到少女他的思念,0,,单寻/二蛇/木林,,1538096842,0,4.8571,145,17999329,11614524,,
4,4694,31,死神请和我恋爱,,http://cdn.517w.com/uploadfile/2018/0806/thumb_20180806181305911.jpg,为了救闺蜜跳下火车轨道却没死？原来救我的是死神大人！少女与死神甜蜜而又奇幻的校园故事……,3,,木浆纸工作室,,1537846533,1,4.1111,146,9957577,6315800,,
4,3502,32,浪流狗,,http://cdn.517w.com/uploadfile/2017/1013/thumb_20171013210343212.jpg,一场秘密的实验，改变了7名婴儿的命运…,3,,大叔酱,,1537277729,0,4.7329,147,286816280,332558187,,
4,1250,32,十二司月,,http://cdn.517w.com/uploadfile/2017/0830/20170830110323827.jpg,"正月为陬，二月为如，自古历法分为十二个月份，每个月有一位当值的神仙，保佑人间风调雨顺，少病少灾——是为十二司月也。
快递小哥空山一觉醒来被告知竟是第八司月下凡，从此进入了一个光怪陆离的神仙世界。个性迥异的伙伴、形形色色的事件、更有意想不到的危机！独居单身狗要如何变成拉风的大仙！？
粉丝QQ群：397788606",1,,黄二爷/甩枪猫,,1537020295,0,4.8859,148,110453036,75939535,,
4,2017,32,实验品家庭,,http://cdn.517w.com/uploadfile/2016/0726/thumb_20160726180649192.jpg,蛛型纲基因，植物基因，读心术，犬人混合，他们不是怪物，都是我的家人，虽然    全都不是普通人。,0,,羊史会/日更计划,,1536820830,0,4.5882,149,732427,382308,,
4,4626,31,道士，妖怪与偶像明星,,http://cdn.517w.com/uploadfile/2018/0711/thumb_20180711163308645.jpg,一直以羽族自称的璎珞认定自己的使命就是要让沉睡的凤凰苏醒过来重振羽族的辉煌，因此偷偷溜到凡间。但凡间早已变成了人妖鬼 共存的世界，就此结识了降妖师风清逸以及拥有超凡好运的凡人慕尘音。同时，在追寻神器过程中不谙世事的璎珞在阴差阳错之下“不小心 ”出道成为偶像明星，就这样，一场啼笑皆非轰轰烈烈人妖鬼仙的娱乐圈喜剧就此展开……,2,,五千两漫画工作室,,1536800408,0,4.7692,150,11271860,9302340,,
4,3666,31,霸道女安然,,http://cdn.517w.com/uploadfile/2018/0604/20180604115922954.jpg,霸道追爱，强势复仇，一场权利与真爱的角逐。,1,,漫原画道,,1536757688,1,4.5972,151,52999569,34927651,,
4,3181,31,恋上男友的替身,,http://cdn.517w.com/uploadfile/2017/1101/thumb_20171101214900647.jpg,替身？爱她？,2,,蓝晶科技漫画,,1536313707,0,4.7629,152,162069897,102055530,,
4,878,32,刺杀大圣,,http://cdn.517w.com/uploadfile/2018/0604/20180604045533283.jpg,积德行善的犄萌族，离奇的被齐天大圣孙悟空诛灭全族，只剩下谷小乖一人。柔弱的谷小乖带着无助和愤怒，肩负上了为族人讨回公道的使命。谷小乖四处寻找靠山，但大家似乎都对大圣有所忌惮，无人肯为谷小乖出头。最终，极度失望的谷小乖，开始依靠自己，走上复仇的刺杀之路。,7,,默,,1536274817,0,4.7978,153,1078251582,936646033,,
4,2069,31,金牌主播,,http://cdn.517w.com/uploadfile/2017/0830/thumb_20170830145648935.jpg,职场精英冷嫣被人嫌弃丑妹，工作也屡屡碰壁，直到有一天她学会了化妆，走上主播之路！,1,,依米/猫猫佳,,1535772157,1,4.7327,154,90886961,48743387,,
4,3718,31,青梅竹马&我,,http://cdn.517w.com/uploadfile/2017/0806/thumb_20170806233911578.jpg,高中狗暑假摸鱼作，我和我好看到可以当饭吃的青梅竹马的故事，包甜包熟（自古青梅不敌天降？？？瞎说八道。（因为要补课所以没时间画彩漫，见谅啦hhhhh,0,,慕寒,,1535771771,1,4.8571,155,4887902,3480423,,
4,3228,32,绝行者,,http://cdn.517w.com/uploadfile/2017/0607/thumb_20170607140750504.jpg,神车手深夜惨死山头，竟与神秘老者的预言有关？不同寻常的惨烈死法、早已写在石碑上的死亡预言，似乎都暗示着案件背后另有隐情。然而拨开重重迷雾，迎来的竟然是一个跨越千年的秘密……快加入绝行者QQ群（372272560）了解更多内容吧！,0,,马赛克工作室,,1535704944,1,4,156,1457824,734976,,
4,422,32,择天记,,http://cdn.517w.com/uploadfile/2017/0901/20170901102857506.jpg,太始元年，有神石自太空飞来，分散落在人间，其中落在东土大陆的神石，上面镌刻着奇怪的图腾。少年孤儿陈长生为治病改命离开自己的师父，带着一纸婚约来到人世间……,2,,猫腻/上海乙又,,1535637112,0,4.8362,157,185069568,111585418,,
4,4445,32,末日超神激动队,,http://cdn.517w.com/uploadfile/2018/0720/thumb_20180720103227657.jpg,末日来临你想做拯救世界的英雄还是一条不粘锅的咸鱼呢？,2,,五彩石MCS漫画社,,1535592463,1,4.5,158,970921,569812,,
4,1846,33,厉害了爸爸们,,http://cdn.517w.com/uploadfile/2017/0901/20170901094120257.jpg,没有妈妈怎么了，小豆包有好多爸爸，哼！至于爸爸怎么生的小孩，这种羞羞的事情你去问那个男妇产科医生嘛，他就是小豆包最亲的爸爸啦！,2,,Mr.C懂哲学么少年/南城夫子,,1535536784,0,4.8931,159,296377350,256559363,,
4,2653,32,尸期将至,,http://cdn.517w.com/uploadfile/2018/0605/thumb_20180605140209387.jpg,一场突如其来的丧尸潮席卷校园，男主幸运躲过最初的人祸，却躲不开汹涌而来的厄运与磨难。人心，生命，未来，一切都变得摇摇欲坠。为了生存，伙伴一个个加入，又一个个的离开。此生不易，但尽人事，累累如丧，尸期将至。,4,,糖醋排骨&暴走蟑螂,,1535522767,0,4.8149,160,162498390,95449202,,
4,3565,31,美人灯笼铺,,http://cdn.517w.com/uploadfile/2017/0830/20170830053722629.jpg,"一盏可以照见秘密的灯笼
一间凝聚爱恨情仇的灯笼铺
浮世悲欢，凝于纱中灯火；
善恶交织，尽在方寸之地；
墙上灯影，窥探人性本色。",2,,霍如凡/莲沐初光,,1535418796,0,4.7535,161,119260108,73367444,,
4,3117,31,学渣女帝,,http://cdn.517w.com/uploadfile/2017/0831/20170831021715396.jpg,现代理科女学渣的穿越逆袭之旅。总有那么多美男来勾搭，朕咋办呢？官方QQ群658678949，米娜桑来互动呀,2,,Berial/萌晞晞,,1535289572,0,4.6515,162,111152755,141393612,,
4,2158,32,垫底特工,,http://cdn.517w.com/uploadfile/2017/0830/thumb_20170830160714935.jpg,史上最笨的特工，最不需要动脑的推理情节，枪法不准，战力不足，技术很烂，无脑推理，一切任务，全凭运气。,1,,南山静心,,1535289314,1,4.7595,163,52528802,27455979,,
4,90,32,困病之笼,,http://cdn.517w.com/uploadfile/2017/0901/20170901104242811.jpg,为了接近自己暗恋的女生，韦良男扮女装参与了女生们的春游，结果却被恐怖分子绑架，还被注射病毒……要如何才能在穷凶极恶的恐怖组织手中求活，救出自己暗恋的女生？,3,,大叔酱,,1535025707,0,4.8233,164,1912401534,1544714071,,
4,4616,32,战国千年,,http://cdn.517w.com/uploadfile/2018/0706/thumb_20180706164823129.jpg,"我，姬青，带着不死挂，穿越到了高武版的春秋战国时代。
你有剑气如渊，我能不死不灭！你有盖世魔功，我能不死不灭！你有近神之招，我能不死不灭！
亲爱的大大们！谢谢你们对《战国千年》上新以来的支持和喜爱，《战国千年》的目前的更新时间暂定为每周三，记得准时来签到哦！
喜爱战国的大大们看看这里
【战国千年】咸阳学宫群：667850571
且看一个死不了的普通人，如何在这阶级森严，战乱不休的大争之世，只手挽天倾。",1,,时代漫王,,1534906509,1,4.8889,165,3587373,3384030,,
4,662,32,全职高手,,http://cdn.517w.com/uploadfile/2017/0901/20170901021541926.jpg,"《全职高手》官方漫画！大角虫漫画独家连载！蝴蝶蓝巅峰原著，欢迎来到荣耀！

网游《荣耀》中被誉为教科书级别的顶尖高手，因为种种原因遭到俱乐部的驱逐，离开职业圈的他寄身于一家网吧成了一个小小的网管，但是，拥有十年游戏经验的他，在荣耀新开的第十区重新投入了游戏，带着对往昔的回忆，和一把未完成的自制武器，开始了重返巅峰之路——",1,,常盘勇者/蝴蝶蓝,,1534841826,0,4.938,166,609502633,681159844,,
4,3918,31,绿茶婊气运师,,http://cdn.517w.com/uploadfile/2017/0921/thumb_20170921111813529.jpg,"胡氏一族是有名的气运师一族，可以看见人们一生的气运，并可以帮人改变气运的好坏。在250年前，胡氏祖先由于私利，收了一伙坏人的巨款，帮助他们夺了当时气运极好的3户人家的气运，导致那3户人家受到灭顶之灾。而胡氏一族也受到了命运的惩罚，被人下了诅咒，十代之内必将绝户，胡氏一族的后代将丧失气运师的能力……绿茶婊qq群：530410048
微X:激动漫画：bai_man_jiao
V博：激动漫画01",0,,主笔：爱人皇帝 编剧：简薇苓 月落自由,,1534824535,1,2.5,167,855639,483410,,
4,2946,31,离别的岛，重逢的岛,,http://cdn.517w.com/uploadfile/2018/0601/thumb_20180601203615978.jpg,三个女孩的情感与成长故事！,3,,Viva,,1534823912,1,4.914,168,254168623,336993867,,
4,3367,32,欲望之扉,,http://cdn.517w.com/uploadfile/2018/0508/thumb_20180508134416860.jpg,"原作 镜夜儿 漫画 KARASU 
‘天底下没有免费的午餐……但是如果你想要就竭尽全力的去抢吧！’
28岁的无职neet把自己的无能怪罪到自己53岁老母亲身上，深爱着儿子的老母亲以为自己给儿子造成了负累，决定跳海自杀，但临死之前想起孤苦伶仃的儿子，还是放不下儿子，欲望使她堕入异空间，得到了年轻，回到了20岁的时候",0,,日更计划,,1534759303,0,5,169,788786,395556,,
4,141,31,千织百绘,,http://cdn.517w.com/uploadfile/2017/0901/20170901033233941.jpg,自古，妖怪就一直潜伏在人类中，即使是除妖师也很难对付它们。最近，千百年来的平安格局即将被打破，原因仅仅是因为——一部小说。小说暴露了妖怪们的弱点，而高中生作者则陷入了被妖怪们追杀的生活！,1,,时光机工作室,,1534730055,0,4.8741,170,100872344,56434745,,
4,2558,33,遇见20岁,,http://cdn.517w.com/uploadfile/2017/0831/20170831024742609.jpg,外冷内热面瘫攻X阳光居家贤妻受的欢脱日常！,1,,目八,,1534728416,1,4.9139,171,257692935,175484750,,
4,3872,33,上锁的幸运,,http://cdn.517w.com/uploadfile/2017/0911/thumb_20170911162650283.jpg,缘分总是捉摸不定，暑假期间，男主桐克本是在表哥的威逼利诱下兼职送快递，未曾想到，却因为这个契机认识了一个貌似自闭的男孩，男二幸生，命运的轨迹从此交错在一起。,1,,式虫,,1534476719,1,4.8488,172,55611475,41061849,,
4,1982,32,天机令,,http://cdn.517w.com/uploadfile/2018/0206/thumb_20180206165112946.jpg,十三岁的少女柳无意从小与师父浪迹街头，打遍同龄人无敌手，被称为临溪一霸，一天，他们在破庙中发现一个死人，从这人身上发现一块奇怪的令牌，从此，平静的生活开始彻底被打破,2,,青羽漫画,,1534402038,0,4.8647,173,127723106,117919298,,
4,3817,31,记忆U盘,,http://cdn.517w.com/uploadfile/2017/0825/thumb_20170825114401198.jpg,"自来水之污《记忆U盘》动画每周四全网更新。记忆移植技术的发明，导致人们可以将知识、经历、情感甚至人格移植。
科技公司女BOSS在垂暮之年通过人格移植，在17岁的女生李小染身上重生。
妹妹方小甜觉醒，开始了“找回”姐姐的过程。",1,,潇潇潇潇如,,1534397875,1,4,174,2636856,1925326,,
4,2507,31,超级污敌萝小莉,,http://cdn.517w.com/uploadfile/2016/1025/thumb_20161025104217562.jpg,讲述了高中童颜贫乳女生萝小莉的搞笑日常，一天她无意中拍到了高一小鲜肉陆痴羞耻PLAY的照片，并以此为要挟对方帮自己做很多事情。陆痴为了报复，开始寻找萝小莉的弱点，却惊然中发现她和一位没有血缘关系的大叔同居……,2,,丸子Yuki,,1534226112,1,4.6985,175,1637607,752069,,
4,1370,32,英雄联盟之谁与争锋,,http://cdn.517w.com/uploadfile/2017/0901/20170901053752518.jpg,"英雄联盟背景小说改编漫画！原作：乱。
大角虫独家授权！",2,,乱/有鱼漫画工作室,,1534151557,0,4.7138,176,125123086,57060154,,
4,3504,31,孟婆的甜点,,http://cdn.517w.com/uploadfile/2017/0901/20170901050529295.jpg,浪费生命最终猝死的陈一被带到地府，放弃抵抗选择乖乖走地府流程投胎转世。不料在最后一关遇到一个不务正业的孟婆，对她的做事方法十分不满的他会怎么做呢？！,2,,良文,,1534129574,1,4.7073,177,44777610,28897111,,
4,1580,32,驭灵师,,http://cdn.517w.com/uploadfile/2018/0803/thumb_20180803152827159.jpg,“我被丢到自己的漫画里啦！”“我变强了，但也秃了……”“那个把我扔进这个世界的SB，你对力量一无所知！”“等等！光头太丑了！我才不要做埼玉老师！”“不过我怎么就成了配角呢？旁边那个家伙的主角光环真是耀眼啊……”“口桀口桀……果然还是要一头帅气的长发才符合我大BOSS的身份！”这是一个漫画家降临自己笔下世界的冒险故事。,2,,时代漫王,,1533916814,0,4.9379,178,134687570,42550597,,
4,1571,31,变变头,,http://cdn.517w.com/uploadfile/2018/0810/thumb_20180810201609747.jpg,变变头是一颗贪吃的流星 在宇宙中大开脑洞 实现愿望的有趣故事。漫画分为一、前传【中篇】。二、正传【长篇】。三、吃星传番外【短片】。三部分组成。关注微信公众号:FC漫画、新浪微博:变变头。获得更多精彩漫画内容！还有机会获得精美玩具哦！,1,,黑洞,,1533906320,0,4.8,179,199140,90599,,
4,3360,32,心魔游戏,,http://cdn.517w.com/uploadfile/2017/0831/20170831030948953.jpg,《心魔游戏》我们身边的每个人，心中或多或少都存在着一个心魔…每一个季度中，都有一个自称心理医生的神秘男子会去寻找7个有着不同心魔的人，让他们参加一场互相厮杀的心魔游戏。胜出心魔游戏的参赛者则可以满足任何要求。但为何心魔游戏背后的操控势力可以做出如此逆天的举动，又为何要举行这一场厮杀的游戏，其真正的势力范围又将是多么不可估计呢…,2,,Shin先生/南榛子,,1533880707,1,4.8715,180,158860184,116638274,,
